Products Name,Price
SPRITZER MINERAL WATER 250ML,RM0.79
DASANI DRINKING WATER 600ML,RM0.85
CACTUS MINERAL WATER 500ML,RM0.90
DASANI MINERAL WATER 600ML,RM0.95
MOMA WATER PREMIUM 500ML,RM1.20
SPRITZER DRINKING WATER 550ML,RM1.21
SPRITZER MINERAL WATER 550ML,RM1.40
CACTUS MINERAL WATER 1.5L,RM1.45
DASANI DRINKING WATER 1.5L,RM1.50
ICE MOUNTAIN MINERAL WATER 1.5L,RM1.55
DRINHO SOYA BEAN 300ML,RM1.58
DRINHO LYCHEE 300ML,RM1.58
F&N GINGER ADE CAN 325ML,RM1.70
F&N GRAPE CAN 325ML,RM1.70
F&N ICE CREAM SODA 325ML,RM1.70
SEASONS GRASS JELLY 300ML,RM1.70
SEASONS ICE LEMON TEA 300ML,RM1.70
SEASONS WATER CHESTNUT 300ML,RM1.70
F&N FRUITADE 325ML,RM1.70
F&N ORANGE CAN 325ML,RM1.70
F&N SARSI CAN 325ML,RM1.70
F&N STRAWBERRY CAN 325ML,RM1.70
F&N ZAPPEL CAN 325ML,RM1.70
FANTA ORANGE CAN 320ML,RM1.70
SEASONS CHRYSANTHEMUM 300ML,RM1.70
SEASONS WINTER MELON 300ML,RM1.70
100 PLUS LEMON LIME 325ML,RM1.75
100 PLUS ORIGINAL 325ML,RM1.75
AUTHENTIC TEA HOUSE AYATAKA 300ML,RM1.75
AUTHENTIC TEA HOUSE OOLONG TEA 300ML,RM1.75
HEAVEN&EARTH ICE PASSION FRUIT CAN 300ML,RM1.75
SEASONS ICE PEACH TEA PET 380ML,RM1.80
3 LEGS COOLING WATER 200ML,RM1.85
FANTA STRAWBERRY 500ML,RM1.90
FANTA ORANGE 500ML,RM1.90
PEPSI BLACK 320ML,RM1.95
PEPSI CAN 320ML,RM1.95
7UP CAN 320ML,RM1.95
KICKAPOO CAN 320ML,RM1.95
7UP REVIVE CAN 320ML,RM1.95
EAU CLAIRE MINERAL WATER 1.5L,RM2.00
OYOSHI HONEY LEMON GREEN TEA PET 380ML,RM2.00
DASANI MINERAL WATER 1.5L,RM2.00
OYOSHI LYCHEE GREEN TEA 380ML,RM2.00
FRUIT TREE APPLE ALOE 300ML,RM2.05
FRUIT TREE LYCHEE NDC 300ML,RM2.05
FRUIT TREE MANGO NDCO 300ML,RM2.05
SPRITZER SPARKLING MINERAL WATER 400ML,RM2.06
A&W SARSAPARILLA 320ML,RM2.10
COCA COLA ZERO SUGAR CAN 320ML,RM2.10
SEASONS APPLE POMEGRANATE 380ML,RM2.10
COCA-COLA RASA ASLI 320ML,RM2.10
SPRITE CAN 320ML,RM2.10
F&N ORANGE 500ML,RM2.20
F&N STRAWBERRY 500ML,RM2.20
F&N FRUITADE 500ML,RM2.20
F&N SARSI 500ML,RM2.20
F&N GRAPE 500ML,RM2.20
F&N ZAPPEL 500ML,RM2.20
SALTCOLA DRINK 320ML,RM2.20
COCA COLA VANILLA 320ML,RM2.25
V-SOY MULTIGRAIN SOYA BEAN 300ML,RM2.70
100 PLUS ACTIVE ASP 500ML,RM2.30
100 PLUS LEMON LIME 500ML,RM2.30
100 PLUS ORIGINAL 500ML,RM2.30
100 PLUS ORIGINAL RS 500ML,RM2.30
100 PLUS ORIGINAL ZERO 500ML,RM2.30
MOMA WATER PREMIUM 1.5L,RM2.35
POKKA RICH COFFEE CAN 240ML,RM2.60
POKKA PREMIUM MOCHA COFFEE 240ML,RM2.60
TROPICANA TWISTER ORANGE 355ML,RM2.40
A&W SARSAPARILLA 500ML,RM2.40
SPRITE 500ML,RM2.40
COCA-COLA ZERO SUGAR 500ML,RM2.40
COCA COLA RASA ASLI 500ML,RM2.40
HOMESOY BROWN SUGAR 300ML,RM2.40
HOMESOY SOYA 300ML,RM2.40
SPRITZER DRINKING WATER 1.25L,RM2.42
TROPICANA TWISTER APPLE 355ML,RM2.50
POKKA LEMON TEA 500ML,RM2.90
POKKA JASMINE GREEN TEA NO SUGAR 500ML,RM2.90
POKKA OOLONG TEA 500ML,RM2.90
SPRITZER MINERAL WATER 1.25L,RM2.60
COCA COLA VANILLA 500ML,RM2.60
SCHWEPPES TONIC WATER 320ML,RM2.60
SCHWEPPES SODA WATER 320ML,RM2.60
SCHWEPPES DRY GINGER ALE 320ML,RM2.60
WONDA EXTRA PRESSO ORIGINAL 240ML,RM2.65
PEPSI 500ML,RM2.70
7UP 500ML,RM2.70
MARIGOLD PEEL FRESH ORANGE 300ML,RM2.75
MARIGOLD PEEL FRESH MANGO 300ML,RM2.75
FUZE TEA JASMINE GREEN TEA 500ML,RM2.75
FUZE TEA ICE LEMON TEA 500ML,RM2.75
MARIGOLD PEEL FRESH SOURSOP 300ML,RM2.75
MARIGOLD PEEL FRESH PINK GUAVA 300ML,RM2.75
MARIGOLD PEEL FRESH APPLE ALOE VERA 300ML,RM2.75
PEPSI BLACK 400ML,RM2.90
RIBENA SPARKLING REG CAN 325ML,RM2.90
KICKAPOO 500ML,RM2.90
AUTHENTIC TEA HSE AYATAKA 500ML,RM2.95
AUTHENTIC TEA HOUSE OOLONG TEA 500ML,RM2.95
NESCAFE LATTE CAN 240ML,RM3.00
MILO CAN 240ML,RM3.00
NESCAFE ICE CAN 240ML,RM3.00
SEASONS CHRYSANTHEMUM 1L,RM3.00
MILO ACTIV-GO KAW CAN 240ML,RM3.00
NESCAFE MOCHA CAN 240ML,RM3.00
NESCAFE ORIGINAL CAN 240ML,RM3.00
JIA DUO BAO GOLD CAN HERBAL DRINK 310ML,RM3.05
RED BULL LESS SUGAR 250ML,RM3.05
MARIGOLD PEEL FRESH N/SGR MANGOSTEEN 300ML,RM3.10
MARIGOLD PEEL FRESH N/SGR ORANGE 300ML,RM3.10
MARIGOLD PEEL FRESH N/SGR BERRIES 300ML,RM3.10
GATORADE FIERCE BLUE BOLT 500ML,RM3.10
MARIGOLD PEEL FRESH N/SGR P.VEGE 300ML,RM3.10
GATORADE QUIET STORM 515ML,RM3.10
DRINHO SOYA BEAN 1L,RM3.75
DRINHO CHRYSANTHEMUM TEA 1L,RM3.50
DRINHO WINTER MELON 1L,RM3.50
DRINHO LYCHEE 1L,RM3.50
DRINHO GREEN TEA 1L,RM3.50
RIBENA MOBILE BLACKCURANT 330ML,RM3.20
POCARI SWEAT BOTTLE 500ML,RM3.20
RIBENA MOBILE STRAWBERRY 330ML,RM3.20
YOU.C1000 LEMON DRINK 140ML,RM3.25
3 LEGS COOLING WATER 500ML,RM3.25
100 PLUS ACTIVE ASP 1L,RM3.30
ANGLIA SHANDY CAN 320ML,RM3.30
FANTA STRAWBERRY 1.5L,RM3.45
FANTA GRAPE 1.5L,RM3.45
PEPSI 1.5L,RM4.70
7UP REVIVE 1.5L,RM4.70
PEPSI BLACK 1.5L,RM4.70
7UP 1.5L,RM4.70
PEPSI BLACK VANILLA PET 1.5L,RM4.70
NESCAFE DAIRY FREE LATTE ALM 225ML,RM3.50
NESCAFE DAIRY FREE LATTE OAT 225ML,RM3.50
MILO PLANTBASED ACT-GO ALMOND 225ML,RM3.50
MALTA CAN 320ML,RM3.65
LIPTON POTBAGS 20S,RM3.75
MARIGOLD KOPI&TEH TARIK 500G,RM3.75
OYOSHI GREEN TEA HONEY LEMON 1L,RM3.80
RIBENA REGULAR 450ML,RM3.80
SPRITZER SPARKLING MINERAL WATER 1L,RM3.90
HOMESOY NO SUGAR ADDED 1L,RM3.90
MARIGOLD EVAPORATED CREAMER 390GM,RM3.90
HOMESOY ORIGINAL 1L,RM3.90
HOMESOY BROWN SUGAR 1L,RM3.90
HOMESOY HONEY MELON 1L,RM3.90
SPRITE REG MINI CAN 150ML,RM3.90
HONEY B SPARKLING HONEY 250ML,RM3.95
GOLD COIN EVAPORATED CREAMER 390G,RM3.95
DRINHO SOYA CORN 1L,RM3.95
100 PLUS ORIGINAL RS 1.5L,RM4.45
A&W SARSAPARILLA 1.5L,RM4.35
SPRITE 1.5L,RM4.35
100 PLUS ORIGINAL ZERO 1.5L,RM4.45
COCA COLA RASA ASLI 1.5L,RM4.35
COCA-COLA ZERO SUGAR 1.5L,RM4.35
SPRITE ZERO 1.5L,RM4.35
100 PLUS ORIGINAL 1.75L,RM4.45
100 PLUS LEMON LIME 1.5L,RM4.45
ITO-EN OI OCHA GREEN TEA 500ML,RM4.00
MARIGOLD EVAPORATED FILLED MILK 390GM,RM4.10
MARIGOLD SWEETENED CREAMER 500GM,RM4.10
F&N GINGER ADE 1.5L,RM4.25
F&N GRAPE 1.5LTR,RM4.25
F&N SARSI 1.5L,RM4.25
F&N ZAPPEL 1.5L,RM4.25
TEAPOT SWEETENED CREAMER 500G,RM4.25
F&N STRAWBERRY 1.5L,RM4.25
F&N ICE CREAM SODA 1.5L,RM4.25
F&N ORANGE 1.5LTR,RM4.25
F&N FRUITADE 1.5LTR,RM4.25
COCA COLA VANILLA 1.5L,RM4.35
F&N TEH TARIK 500GM,RM4.35
F&N HI-CAL KRIMER PEKAT MANIS 500G,RM4.40
F&N VITAMIN CREAMER 500G,RM4.50
HOMESOY SOYA 750ML,RM4.90
HOMESOY BROWN SUGAR 750ML,RM4.90
F&N EVAP FILLED MILK 390GM,RM4.75
CELSIUS FUJI APPLE PEAR FLAV 325ML,RM4.75
CELSIUS ORANGE SPARKLING FLAV DRINK 325ML,RM4.75
CELSIUS RASPBERRY ACAI GREEN TEA FLAV 325ML,RM4.75
CELSIUS PEACH MANGO GREEN TEA FLAV DRINK 325ML,RM4.75
BOH DOUBLE CHAMBER 25'S,RM4.80
UFC COCONUT WATER 500ML,RM4.90
VOLVIC MINERAL WATER 500ML,RM4.90
YEOS IMMUNO SOY MILK 1L,RM4.90
YEOS IMMUNO SOY CHOCOLATE 1L,RM4.90
137 DEGREES ALMOND MILK ORIGINAL 180ML,RM4.95
137 DEGREES ALMOND MILK UNSWEETENED 180ML,RM4.95
VITAGEN GRAPE 5X125ML,RM4.95
VITAGEN APPLE 5X125ML,RM4.95
VITAGEN LB 5X125ML,RM4.95
VITAGEN ORANGE 5X125ML,RM4.95
FUZE TEA JASMINE GREEN TEA 1.5L,RM6.00
FUZE TEA ICE LEMON TEA 1.5L,RM6.00
DUTCH LADY UHT MILKY MARVEL F/CREAM 4X125ML,RM5.75
NESCAFE ICED CAPPUCCINO 500ML,RM5.20
FUZE TEA ICE PASSION FRUIT 1.5L,RM6.00
DUTCH LADY UHT MILKY MARVEL CHOC 4X125ML,RM5.75
DUTCH LADY UHT MILKY FROZEN F/CREAM 4X125ML,RM5.75
DUTCH LADY UHT MILKY FROZEN STRAW 4X125ML,RM5.75
DUTCH LADY UHT MILKY FROZEN CHOC 4X125ML,RM5.75
DUTCH LADY UHT MILKY MARVEL STRAW 4X125ML,RM5.75
FUZE TEA MANGO CHAMOMILE 1.5L,RM6.00
NESCAFE ICED CAFFE LATTE 500ML,RM5.20
NESCAFE ICED CHOCOCINO 500ML,RM5.20
MILO ACTIV-GO ORIGINAL 500ML,RM5.20
NESTLE COFFEE-MATE NDC POUCH 200G,RM5.10
HOMESOY NO SUGAR ADDED 3.0 946ML,RM5.10
VITAGEN ASSORTED 5X125ML,RM5.10
POPORO PEACH 235ML,RM5.65
PALDO PORORO TROPICAL 235ML,RM5.65
PALDO PORORO BLUEBERRY 235ML,RM5.65
VITAGEN ASST LESS SUGAR 5X125ML,RM5.40
VITAGEN LESS SUGAR GRAPE 5X125ML,RM5.40
VITAGEN LESS SUGAR LB 5X125ML,RM5.40
EVIAN MINERAL WATER 330ML,RM5.40
VITAGEN LESS SUGAR PINEAPPLE 5X125ML,RM5.40
MILO SOFT PACK 200G,RM5.45
MONSTER ENERGY ULTRA 355ML,RM5.50
HOMESOY MULTIGRAIN 1L,RM5.50
MONSTER ENERGY ORIGINAL 355ML,RM5.50
MONSTER PIPELINE PUNCH MY 355ML,RM5.50
137 DEGREES PISTACHIO MILK BELGIAN CHOC 180ML,RM5.55
F&N SCFM PEKAT MANIS 500G,RM5.55
EVIAN MINERAL WATER 500ML,RM5.85
MILO ACTIV-GO UHT 4X125ML,RM5.65
MINUTE MAID PLUS ORANGE 1.5L,RM5.60
MINUTE MAID PLUS TROPICAL 1.5L,RM5.60
HATA SHIO SUIKA RAMUNE 200G,RM5.60
CHI FOREST SPARKLING GRAPE DELIGHT 480ML,RM5.65
CHI FOREST SPARKLING GREEN APPLE 480ML,RM5.65
CHI FOREST SPARKLING WHITE PEACH 480ML,RM5.65
MARIGOLD YOGURT DRINK SBERRY FF 700G,RM6.30
MARIGOLD YOGURT DRINK M/BERRIES FF 700G,RM6.30
MARIGOLD FAT FREE YOGURT DRINK FRUIT & VEG 700G,RM6.30
MG FAT FREE YOG DRK MANGO 700G,RM6.30
AHMAD TEA LONDON BLEND 25TB,RM5.70
SUNKIST APPLE JUICE 1L,RM5.80
OLD JAMAICA GINGER BEER LIGHT 330ML,RM5.90
AUTHENTIC TEA HOUSE AYATAKA 1.5L,RM6.00
AUTHENTIC TEA HOUSE OOLONG TEA 1.5L,RM6.00
LIPTON YELLOW LABEL TEABAG 25SX2G,RM6.00
NESTUM ALL FMLY ORI 220G,RM6.20
MARIGOLD 100% JUICE APPLE 3X200ML,RM6.20
MARIGOLD 100% JUICE ORANGE 3X200ML,RM6.20
MARIGOLD 100% JUICE CARROT MIXED 3X200ML,RM6.20
MARIGOLD 100% JUICE PURPLE VEGGIE 3X200ML,RM6.20
POKKA MELON MILK 1L,RM6.20
POKKA KURMA MILK 1L,RM6.20
POKKA SENCHA JAPANESE GREEN TEA 1.5L,RM6.30
POKKA CHRYSANTHEMUM WHITE TEA 1.5L,RM6.30
POKKA HOUJICHA 1.5L,RM6.30
POKKA JASMINE GREEN TEA 1.5L,RM6.30
POKKA OOLONG TEA 1.5L,RM6.30
POKKA ICE LEMON TEA 1.5L,RM6.30
AHMAD TEA ENG BREAKFAST 25TB,RM6.35
DRINHO MANGO 6X250ML,RM6.35
DRINHO CHRYSANTHEMUM TEA 6X250ML,RM6.35
DRINHO ICE LEMON TEA 6X250ML,RM6.35
DRINHO ICE PEACH TEA 6X250ML,RM6.35
DRINHO SUGARCANE 6X250ML,RM6.35
DRINHO ORANGE 6X250ML,RM6.35
DRINHO SOYA BEAN 6X250ML,RM6.35
DRINHO LYCHEE 6X250ML,RM6.35
DRINHO GREEN TEA 6X250ML,RM6.35
DRINHO WINTER MELON 6X250ML,RM6.35
JELLY B KONJAC JELLY LYCHEE 150ML,RM6.90
STARBUCKS DOUBLESHOT MOCHA 220ML,RM6.50
STARBUCKS DOUBLESHOT ESPRESSO LATTE 220ML,RM6.50
FARM FRESH SOYA MILK 1L,RM6.50
FARM FRESH SOYA MILK CHOC 1L,RM6.50
RED BULL EUROPE 250ML,RM6.60
FERNLEAF UHT FULL CREAM MILK 1LIT,RM7.20
SUNQUICK TROPIKA 330ML,RM6.75
100 PLUS ACTIVE REPLENISH 4X300ML,RM6.75
SOYFRESH HERSHEY'S COOKIES&CREME 946ML,RM7.25
SOYFRESH HERSHEY'S MOCHA 946ML,RM7.25
SOYFRESH HERSHEY'S CHOCOLATE 946ML,RM7.25
YEOS CHRYSANTHEMUM TEA 6X250ML,RM6.80
YEOS SOYA BEAN 6X250ML,RM6.80
YEOS LYCHEE 6X250ML,RM6.80
YEOS WINTER MELON 6X250ML,RM6.80
YEOS SUGAR CANE 6X250ML,RM6.80
YEOS ICE LEMON TEA 6X250ML,RM6.80
YEOS GREEN TEA 6X250ML,RM6.80
SOLO ORIGINAL LEMON 375ML,RM6.90
MARIGOLD PEEL FRESH MANGO 1L,RM6.90
MARIGOLD PEEL FRESH ORANGE 1L,RM6.90
MARIGOLD PEEL FRESH APPLE A/V 1L,RM6.90
MARIGOLD PEEL FRESH PINK GUAVA 1L,RM6.90
MARIGOLD PEEL FRESH SOURSOP 1L,RM6.90
ARIZONA TEA WATERMELON 22FL OZ,RM6.90
ARIZONA MUCHO MANGO 22FL OZ,RM6.90
ARIZONA FRUIT PUNCH 22FL OZ,RM6.90
ARIZONA GREEN TEA GINSENG HONEY 22FL OZ,RM6.90
ARIZONA PEACH TEA 22FL OZ,RM6.90
ARIZONA DIET GREEN TEA 22FL OZ,RM6.90
ARIZONA LEMONADE 22FL OZ,RM6.90
ARIZONA TEA GRAPEADE 22FL OZ,RM6.90
ARIZONA TEA KIWI STRAWBERRY 22FL OZ,RM6.90
KIRKS LEMON SQUASH 375ML,RM6.90
HEAL HIGH PROTEIN MATCHA LATTE 30G,RM6.90
ARIZONA ORANGEADE 22FL OZ,RM6.90
ARIZONA LEMON TEA BIG CAN 22FL OZ,RM6.90
TROPICANA TWISTER APPLE 1.5L,RM6.90
TROPICANA TWISTER ORANGE 1.5L,RM6.90
V-SOY LOW SUGAR UHT 1L,RM6.95
V-SOY ORIGINAL SOYA BEAN 1L,RM6.95
V-SOY GOLDEN GRAIN UHT 1L,RM6.95
DUTCH LADY JUICY MILK MANGO 4X200ML,RM6.95
V-SOY MULTIGRAIN SOYA BEAN 1L,RM6.95
LIPTON POTBAG EXTRA KAW 40S,RM6.95
OATSIDE BARISTA 3X200ML,RM9.00
OATSIDE CHOCOLATE 3X200ML,RM9.00
SEASONS CHRYSANTHEMUM 6X250ML,RM7.10
SEASONS ICE LEMON TEA 6X250ML,RM7.10
LIPTON YELLOW LABEL POTBAGS 40S,RM7.10
SEASONS WINTERMELON 6*250ML,RM7.10
YARRA BY FARM FRESH UHT FULL CREAM MILK 4X200ML,RM7.10
YARRA BY FARM FRESH UHT CHOCOLATE MILK 4X200ML,RM7.10
DUTCH LADY UHT MILKY CHOCOLATE 4X180ML,RM7.15
BUNDABERG DIET GINGER BEER 375ML,RM7.15
DUTCH LADY UHT MILKY COOKIE & CREAM 4X180ML,RM7.15
MARIGOLD 100% JUICE APPLE 1L,RM7.35
MARIGOLD 100% JUICE CARROT MIX FRUIT 1L,RM7.35
MARIGOLD 100% JUICE ORANGE 1L,RM7.35
MARIGOLD 100% JUICE PEAR & MIXED BERRIES 1L,RM7.35
MARIGOLD 100% JUICE PURPLE VEGGIE 1L,RM7.35
MARIGOLD 100% JUICE TROPICAL FRUIT 1L,RM7.35
FERNLEAF UHT LOW FAT MILK 1LIT,RM7.20
COCA-COLA RASA ASLI 4X320ML,RM8.10
COCA COLA ZERO SUGAR 4X320ML,RM8.10
SPRITE CAN 4X320ML,RM8.10
POKKA NATSBEE HONEY YUZU 1.5L,RM7.30
PROMEX UHT FULL CREAM MILK 1L,RM7.30
PROMEX UHT LOW FAT MILK 1L,RM7.30
PROMEX UHT CHOCO MILK 1L,RM7.30
SKOL BEER CAN 320ML,RM7.40
DUTCH LADY UHT FULL CREAM 1L,RM7.90
BOH TEH 250G,RM7.40
YEOS FIRST HARVEST GREEN TEA 6X250ML,RM7.40
DUTCH LADY UHT CHOC 1L,RM7.90
DUTCH LADY UHT LOW FAT 1L,RM7.90
MARIGOLD UHT MILK CHOCOLATE 1L,RM8.20
MARIGOLD UHT MILK FULL CREAM 1L,RM8.20
MARIGOLD UHT MILK LOW FAT 1L,RM8.20
CACTUS MINERAL WATER 5.5L,RM7.55
GRANTE POMEGRANATE AND CHERRY JUICE 250ML,RM7.55
GRANTE BLACK GRAPE JUICE 250ML,RM7.55
APPLE FOX CIDER CAN 320ML,RM7.60
7 UP CAN 4X320ML,RM7.75
PEPSI BLACK 4X320ML,RM7.75
PEPSI CAN 4X320ML,RM7.75
HOMESOY NO SUGAR ADDED 6X250ML,RM7.80
HOMESOY HONEY MELON 6X250ML,RM7.80
ANCHOR SMOOTH CAN 320ML,RM7.80
CYPRINA APPLE JUICE 1L,RM7.90
CYPRINA RED GRAPE JUICE 1L,RM7.90
WOOLWORTHS LEMONADE ZERO SUGAR SOFT DRINK 1.25L,RM7.90
WOOLWORTHS PASSIONFRUIT SOFT DRINK 1.25L,RM7.90
WOOLWORTHS LEMON LIME & BITTERS 1.25L,RM7.90
WOOLWORTHS LIGHTLY SPARKLING LIME WATER 1.25L,RM7.90
WOOLWORTHS LEMON ZERO SUGAR SOFT DRINK 1.25L,RM7.90
WOOLWORTHS LEMONADE SOFT DRINK 1.25L,RM7.90
WOOLWORTHS LEMON SOFT DRINK 1.25L,RM7.90
WOOLWORTHS SODA WATER 1.25L,RM7.90
WOOLWORTHS LEMON ZERO SUGAR 1.25L,RM7.90
SOMERSBY BLACK BERRY CAN 320ML,RM8.50
SOMERSBY APPLE CAN 320ML,RM8.50
SOMERSBY PASSIONFRUIT & ORANGE 320ML,RM8.50
RIPE APPLE JUICE (NAS) 1L,RM8.00
RIPE ORANGE JUICE 1L,RM8.00
RIPE PINK GUAVA JUICE (NAS) 1L,RM8.00
TIGER BEER CAN 320ML,RM8.30
SPRITZER DRINKING WATER 6L,RM8.20
SPRITZER MINERAL WATER 6L,RM8.20
MILO ACTIV-GO UHT 1L,RM8.25
TIGER CRYSTAL CAN 320ML,RM8.70
CARLSBERG BEER CAN (GL) 320ML,RM8.30
T'SALLEE LAI CHEE KANG 400G,RM8.30
DRINHO SOYA CORN 6X250ML,RM8.35
STAR KOMBUCHA MELLOW MANGO 250ML,RM8.90
STAR KOMBUCHA PURPLE PASSIONFRUIT 250ML,RM8.90
STAR KOMBUCHA BLUEBERRY 250ML,RM8.90
STAR KOMBUCHA LYCHEE 250ML,RM8.90
CARLSBERG SMOOTH DRAUGHT CANS 320ML,RM8.50
NESCAFE CLASSIC 50G BTL,RM8.50
MARIGOLD PEEL FRESH POWER BERRIES NS 1L,RM8.60
MARIGOLD PEEL FRESH N/SGR P.VEGE&FRUITS 1L,RM8.60
RED BULL ENERGY DRINK 355ML,RM8.60
MARIGOLD PEEL FRESH NS ORANGE 1L,RM8.60
MG PEEL FRESH N/S/ADDED-MIXED KALE&VEGGIES 1L,RM8.60
BOH D/CHAMBER 50'S,RM8.80
ROYAL STOUT CAN 320ML,RM8.80
REMEDY ORGANIC KOMBUCHA GINGER LEMON 250ML,RM8.90
OATSIDE COFFEE 3X200ML,RM12.00
UFC REFRESH COCONUT WATER 1L,RM9.00
GUINNESS STOUT CAN 320ML,RM9.00
BOH TEA POTBAGS 80'S,RM9.60
CERES RUBY GRAPEFRUIT 1L,RM9.10
CERES MEDLEY OF FRUITS 1L,RM9.10
CERES APPLE 1L,RM9.10
CERES CRANBERRY&KIWI 1L,RM9.10
CERES MANGO 1L,RM9.10
CERES ORANGE 1L,RM9.10
CERES SECRETS OF VALLEY 1L,RM9.10
CERES WHISPERS OF SUMMER 1L,RM9.10
STARBUCKS FRAPPUCCINO COFFEE 280ML,RM9.20
STARBUCKS FRAPPUCCINO MOCHA 280ML,RM9.20
EVIAN MINERAL WATER 750ML,RM9.85
CONNOR'S 320ML,RM10.00
UFC VELVET COCONUT MILK DRINK UNSWEETENED 1L,RM9.80
UFC VELVET COCONUT MILK DRINK ORIGINAL 1L,RM9.80
NESCAFE KOPI O 15'SX16G,RM9.60
SCHWEPPES DRY GINGER ALE 4X320ML,RM9.65
SCHWEPPES SODA WATER 4*320ML,RM9.65
SCHWEPPES TONIC WATER CAN 4*320ML,RM9.65
SCHWEPPES LEMON LIME 4X320ML,RM9.65
DUTCH LADY UHT CHOC 6X200ML,RM11.20
DUTCH LADY UHT LOW FAT 6X200ML,RM11.20
DUTCH LADY UHT STRAWBERRY 6X200ML,RM11.20
DUTCH LADY UHT FULL CREAM 6X200ML,RM11.20
DUTCH LADY UHT KURMA 6X200ML,RM11.20
HEINEKEN BEER CAN 320ML,RM10.20
SANITARIUM SO GOOD LITE SOY MILK 1L,RM10.65
SANITARIUM SO GOOD REGULAR SOY MILK 1L,RM10.65
CARLSBERG SPECIAL BREW CAN 320ML,RM9.70
SAN PELLEGRINO SPARKLING WATER (PET) 100CL,RM11.10
ACQUA PANNA STILL WATER (PET) 100CL,RM11.10
VITAGEN ASST TWIN PACK 2X5X125ML,RM9.90
OATSIDE ORIGINAL BARISTA 1L,RM9.90
OATSIDE CHOCOLATE 1L,RM9.90
VICO PANDAN FLAVOR COCONUT WATER 1L,RM9.90
VICO XIEM FLAVOR COCONUT WATER 1L,RM9.90
DILMAH GREEN TEA JASMINE PETALS 20'S,RM9.95
EVIAN MINERAL WATER 1LTR,RM9.95
DILMAH GREEN TEA MOROCCAN MINT 20'S,RM9.95
DILMAH GREEN TEA SENCHA 20'S,RM9.95
DILMAH GREEN TEA PURE GREEN 20'S,RM9.95
REMEDY ORGANIC KOMBUCHA GINGER LEMON 330ML,RM12.90
REMEDY ORGANIC KOMBUCHA MANGO PASSION 330ML,RM12.90
REMEDY ORGANIC KOMBUCHA PASSIONFRUIT 330ML,RM12.90
REMEDY ORGANIC KOMBUCHA PEACH 330ML,RM12.90
REMEDY ORGANIC KOMBUCHA RASPBERRY LEMONADE 330ML,RM12.90
100 PLUS ORIGINAL 6X325ML,RM10.35
UNIF 100% MIX VEGE & FRUIT WITH BEET ROOT 1L,RM10.00
UNIF 100% MIX VEGE & FRUIT WITH CARROT 1L,RM10.00
UNIF 100% MIX VEGE & FRUIT WITH MIX BERRY 1L,RM10.00
UNIF 100% MIX VEGE & FRUIT WITH GREEN VEGE 1L,RM10.00
SOYFRESH HERSHEY'S MOCHA 6X236ML,RM10.05
SPRITZER DRINKING WATER 9.5L,RM10.20
NESTLE COFFEEMATE POUCH 450G,RM10.20
BOH EARL GREY TEA 20SX2G,RM10.20
MILO SOFTPACK 400G,RM10.25
FIRST PRESS ICED MOCHA ALMOND MILK 350ML,RM10.90
NESTLE COFMATE NDC 50X5G,RM10.40
FARM FRESH ORGANIC MILK 1L,RM10.40
WONDA COFFEE MOCHA 4X240ML,RM10.40
MILO RTD UHT 5+1X200ML,RM10.45
TROPICANA TWISTER ASST 2X1.5L,RM12.50
VICO ORGANIC COCONUT WATER 1L,RM10.50
PREMIER SALUTE SPARKLING RBERRY&PEACH 750ML,RM10.50
PREMIER SALUTE SPARKLING WHITE 750ML,RM10.50
SUNKIST NFC ORANGE NO PULP 1LITRE,RM10.50
UNIF COCO DEE COCONUT WATER 1L,RM10.60
EVIAN NATURAL MINERAL WATER 1.5L,RM10.65
VITAGEN LESS SUGAR ASST TWIN PACK 2X5X125ML,RM10.65
THE TAPPING TAPIR GUTC PEACH 4X250ML,RM11.90
BOH S/S LYCHEE WITH ROSE 20'SX2GM,RM10.70
BOH S/S PASSION FRUIT 20'SX2GM,RM10.70
BOH S/S EARL GREY W TANGERINE 20X2G,RM10.70
BOH SERI SONGKET LEMON WITH MANDARIN 20'S,RM10.70
BOH SERI SONGKET LIME&GINGER 20X2GM,RM10.70
KRONENBOURG 1664 BLANC CAN 320ML,RM10.80
KRONENBOURG 1664 ROSE CAN 320ML,RM10.80
KRONENBOURG 1664 BRUT CAN 320ML,RM10.80
SPRITZER MINERAL WATER 9.5L,RM10.90
MONSTER MONARCH 500ML,RM10.90
SAN PELLEGRINO SPARKLING WATER 75CL,RM11.10
FLORIDAS QUICK CHILL APPLE JUICE 414ML,RM11.10
SOMERSBY APPLE CIDER 330ML,RM11.10
YIT FOH TENOM COFFEE 2IN1 240G,RM11.20
LIPTON YELLOW POTBAGS 80S,RM11.25
SINGHA BEER BOTTLE 330ML,RM11.50
SINGHA BEER CAN 330ML,RM11.50
RIBENA RTD BLACKCURRANT 6X200ML,RM11.30
HOMESOY INSTANT BREAKFAST SOYA ORIGINAL 10X32G,RM11.35
HOMESOY INSTANT BREAKFAST SOYA MULTIGRAIN 10X32G,RM11.35
EDELWEISS WHEAT BEER 330ML,RM12.20
BOH DOUBLE CHAMBER GREEN TEA 50S,RM11.45
UFC VELVET COCONUT MILK DRINK CHOCOLATE 1L,RM12.00
AHMAD TEA CEYLON 20TB,RM11.60
AHMAD TEA GREEN TEA PURE 20X40G,RM11.70
NESCAFE GOLD STICKBOX 20X2G,RM11.75
AHMAD TEA CAMOMILE&LEMONGRASS 20'S,RM11.85
AHMAD TEA LEMON&GINGER 20'S,RM11.85
AHMAD TEA PEPPERMINT&LEMON 20'S,RM11.85
AHMAD TEA ROOIBOS&CINNAMON 20'S,RM11.85
AHMAD TEA DETOX 20'S,RM11.85
MONSTER ENERGY LEWIS HAMILTON 500ML,RM11.90
MONSTER MANGO LOCO 500ML,RM11.90
MONSTER PUNCH 500ML,RM11.90
GRANTE 100 APPLE JUICE 750ML,RM11.90
MONSTER ABSOLUTE ZERO 500ML,RM11.90
AH HUAT KOPI O NO SUGAR BAG 20X10G,RM11.90
NESCAFE DAIRY FREE ALMOND UHT 1L,RM11.90
MONSTER PACIFIC PUNCH 500ML,RM11.90
MONSTER ULTRA GOLD 500ML,RM11.90
MONSTER ULTRA BLACK 500ML,RM11.90
WOOLWORTHS CAMOMILE TEA BAGS 40PK 60G,RM11.90
WOOLWORTHS GREEN TEA BAGS 50PK 75G,RM11.90
THE TAPPING TAPIR GUTC GRAPE 4X250ML,RM11.90
OCEAN SPRAY CRAISINS ORI CRANBERRIES 142GM,RM13.05
OCEAN SPRAY CRAISINS 50% LESS SUGAR 142G,RM13.05
OCEAN SPRAY CRAISINS BLUEBERRY 142GM,RM13.05
AHMAD TEA JASMINE ROMANCE 20X40G,RM12.05
LIPTON POTBAG EXTRA STRONG 80S,RM12.05
LIPTON YELLOW LABEL TEABAG 50SX2G,RM12.05
L'OR ESSENSO M/GROUND COLOMBIAN BLEND 20X2G,RM12.20
DILMAH ENGLISH BREAKFAST TEA BAGS 20'S,RM12.20
SANITARIUM SO GOOD OAT CHOCOLATE 1L,RM12.20
SANITARIUM SO GOOD ALMOND MILK 1L,RM12.20
SANITARIUM SO GOOD ALMOND MILK UNSWEETENED 1L,RM12.20
F&N SARSI CORDIAL 2L,RM12.45
F&N ROSE SYRUP CORDIAL 2L,RM12.45
F&N RUTBIR CORDIAL 2L,RM12.45
F&N GRAPE CORDIAL 2L,RM12.45
AHMAD TEA EARL GREY 20X40G,RM12.50
CARLSBERG BEER CAN (GL) 500ML,RM12.50
CARLSBERG SMOOTH DRAUGHT BEER CAN 500ML,RM12.50
NESTLE GOODNES DAIRY FREE OAT UHT 1L,RM12.50
NESTLE GOODNES DAIRY FREE ALMOND & OAT UHT 1L,RM12.50
MARIGOLD PEEL FRESH ORANGE JUICE 1.89L,RM12.55
MARIGOLD PEEL FRESH APPLE A/V 1.89L,RM12.55
LIPTON YELLOW LABEL PACKET 400G,RM12.85
COKE CLASSIC 6X180ML,RM12.90
SO NATURAL EXTRA MILKY SOY 1L,RM12.90
GUINNESS STOUT CAN 500ML,RM12.90
MONSTER ULTRA WATERMELON 500ML,RM12.90
AHMAD TEA MANGO 20X40G,RM12.95
AHMAD TEA STRAWBERRY 20X40G,RM12.95
AHMAD TEA APPLE 20X40G,RM12.95
AHMAD TEA PEACH&PASSION 20X40G,RM12.95
AHMAD TEA LEMON&LIME 20X40G,RM12.95
AHMAD TEA B/CURRANT 20X40G,RM12.95
AHMAD TEA RASPBERRY INDULGENCE 20S,RM12.95
DILMAH PURE PEPPERMINT 20'SX1.5G,RM12.95
MILO ACTIV-GO LESS SUGAR 10X27G,RM14.15
MILO ACTIV-GO WHOLE CEREAL 10X36G,RM14.95
OVALTINE MALTED MILK 400,RM13.20
AHMAD TEA COLD BREW PEACH AND PASSION TEA 20TB,RM13.25
AHMAD TEA COLD BREW MANGO & LYCHEE 20S,RM13.25
LIPTON GET FIT 20S,RM13.30
LIPTON SWEET NIGHTS 20S,RM13.30
YIT FOH TENOM COFFEE LATTE 350G,RM13.35
MARIGOLD PEEL FRESH APPLE 2L,RM13.40
MARIGOLD PEEL FRESH ORANGE 2L,RM13.40
MARIGOLD PEEL FRESH PINK GUAVA 2L,RM13.40
NESCAFE GOLD JAR 50G,RM13.60
NESTLE OMEGA PLUS ACTICOL 6X200ML,RM13.80
NESTLE OMEGA PLUS DARK CHOC FLAV 6X200ML,RM13.80
ROBINSONS FRUIT SHOOT APPLE/BCURRANT LOW SUGAR 4PK,RM13.90
ROBINSONS SQUASH APPLE B/CURRANT NAS 1L,RM13.90
ROBINSONS SQUASH LEMON NAS 1L,RM13.90
ROBINSONS SQUASH ORANGE NAS 1L,RM13.90
UNIIQ KOMBUCHA CLASSIC 315ML,RM13.90
UNIIQ KOMBUCHA CALAMANSI 315ML,RM13.90
UNIIQ KOMBUCHA PASSION FRUIT 315ML,RM13.90
UNIIQ KOMBUCHA ROSE 315ML,RM13.90
UNIIQ KOMBUCHA PINK GUAVA 315ML,RM13.90
ROBINSONS FRUIT&BARLEY PEACH NAS 1L,RM13.90
ROBINSONS PINK GRAPEFRUIT&BARLEY NAS 1L,RM13.90
ROBINSONS SQUASH SUMMER FRUIT NAS 1L,RM13.90
UFC VELVET ALMOND DRINK ORIGINAL 1L,RM14.90
UFC VELVET ALMOND DRINK UNSWEETENED 1L,RM14.90
UFC VELVET OAT MILK UNSWEETENED 1L,RM14.90
UFC VELVET OAT MILK BARISTA EDITION 1L,RM14.90
HORLICKS 3IN1 ORI 10SX28G,RM14.20
AHMAD TEA FRUIT TEA SELECTION 20TB,RM14.30
SUPER COFFEE 3IN1 ORIGINAL 25X18G,RM14.30
AH HUAT WHITE COFFEE CLASSIC 15X28G,RM14.35
137 DEGREES ALMOND MILK ORIGINAL 3X180ML,RM14.40
137 DEGREES ALMOND MILK UNSWEETENED 3X180ML,RM14.40
BOH CMRN GOLD BLND 60X20,RM14.40
ALLSWELL IMMUNITY DRINK MIXED BERRIES 4X240ML,RM14.40
BOH DOUBLE CHAMBER TEABAG 100'S,RM14.50
MOCCONA CLASSIC MED ROAST FD 50G,RM14.50
SPRITZER MINERAL WATER (6IN1) 6X1.25L,RM14.52
UFC VELVET OAT MILK CHOCOLATE 1L,RM15.20
KRONENBOURG 1664 BLANC 325ML,RM14.60
GUINNESS DRAUGHT CAN 440ML,RM14.60
HORLICKS ORIGINAL MALT REFILL 400GM,RM14.70
NESCAFE GOLD DARK LATTE 12*31G,RM16.05
NESCAFE GOLD CREAMY LATTE 12*31G,RM16.05
NESCAFE GOLD AMERICANO 15X11G,RM16.05
DILMAH EXCPT ROSE WITH FRENCH VANILLA 20'S,RM14.85
DILMAH EXCPT BERRY SENSATION 20'S,RM14.85
DILMAH EXCPT ARAB MINT W HONEY 20'S,RM14.85
FRENCHE ROAST SIGNATURE BLEND 25S,RM14.90
OCEAN SPRAY CRANBERRY CLASSIC 1L,RM14.90
FRENCHE ROAST INDULGENCE SALTED CARAMEL LATTE 18S,RM14.90
FRENCHE ROAST INDULGENCE TIRAMISU LATTE 18S,RM14.90
CHANG CLASSIC BEER 320ML,RM14.90
CHIOS GARDENS 12 ORANGES SMOOTH 1L,RM14.90
CHIOS GARDENS 3 FRUITS MIX 1L,RM14.90
SANITARIUM SO GOOD BARISTA ALMOND MILK 1L,RM16.45
SANITARIUM SO GOOD BARISTA OAT MILK 1L,RM16.45
SANITARIUM SO GOOD BARISTA SOY MILK 1L,RM16.45
TIGER BEER TALL CAN 500ML,RM15.00
STARBUCKS PREMIUM INSTANT CAPPUCCINO 4S,RM15.10
STARBUCKS PREMIUM INSTANT MOCHA 4S,RM15.10
STARBUCKS PREMIUM INSTANT CARAMEL LATTE 4S,RM15.10
STARBUCKS PREMIUM INSTANT LATTE 4S,RM15.10
DILMAH CEYLON GT CHAMOMILE 20'SX2G,RM15.10
DILMAH CEYLON GT LEMONGRASS 20'SX2G,RM15.10
THE TAPPING TAPIR LIGHT CITRUS 4X250ML,RM16.90
THE TAPPING TAPIR LIGHT SIGNATURE 4X250ML,RM16.90
CONNOR'S CAN 500ML,RM15.20
SUNQUICK LEMON ICE TEA 800ML,RM15.25
SUNQUICK MANDARIN 800ML,RM15.25
SUNQUICK ORANGE 800ML,RM15.25
SUNQUICK MANGO 800ML,RM15.25
SUNQUICK MIX BERRIES 700ML,RM15.25
ITO-EN OI OCHA GREEN TEA 20S,RM15.50
ITO-EN OI OCHA MATCHA GENMACHAI 20X2G,RM15.50
NESCAFE CLASSIC JAR 100G,RM15.55
SUPER WHITE COFFEE BROWN SUGAR 15X33G,RM17.00
SUPER WHITE COFFEE HAZELNUT 15X33G,RM17.00
SUPER WHITE COFFEE CLASSIC 15X35G,RM17.00
SUPER WHITE COFFEE 2IN1 COFFEE & CREAMER 15X25G,RM17.00
COSIP COCONUT PLANT BASED MILK 1L,RM15.60
COSIP CHOCOLICIOUS PLANT BASED MILK 1L,RM15.60
NESCAFE 3IN1 LATTE MOCHA 15X31G,RM15.65
NESCAFE LATTE HAZELNUT 20X24GM,RM15.65
NESCAFE 3IN1 LATTE CARAMEL 20X25G,RM15.65
AHMAD TEA LONDON BLEND 100TB,RM15.70
BOH ICE TEA PEACH 20'SX14.5GM,RM15.75
BOH ICE TEA LEMON LIME 20'SX14.5GM,RM15.75
LIVING PLANET ORG DAIRY MILK FULL CREAM 1L,RM17.90
FEVER TREE NATURALLY LIGHT TONIC WATER 500ML,RM15.90
FEVER TREE REF LT MEDITERRANEAN TONIC WATER 500ML,RM15.90
FEVER TREE INDIAN TONIC WATER 500ML,RM15.90
FEVER TREE LIGHT RHUBARD & RASPBERRY 500ML,RM15.90
FEVER TREE REF LIGHT AROMATIC TONIC WATER 500ML,RM15.90
OVALTINE REFILL 820GM,RM15.95
NESCAFE MOCHA CAN 6X240ML,RM17.75
NESCAFE ORIGINAL CAN 6X240ML,RM17.75
MILO CAN 6X240ML,RM17.75
NESCAFE 3IN1 ORIGINAL 25SX18G,RM17.05
137 DEGREES PISTACHIO MILK BELGIAN CHOC 3X180ML,RM16.50
COSIP BARISTA PLANT BASED MILK 1L,RM16.50
NESCAFE GOLD 2IN1 CAF WHITE 12X16G,RM16.50
RIBENA BLACKCURRANT 1L,RM16.85
RIBENA STRAWBERRY 1L,RM16.85
RIBENA BLACKCURRANT 1L FREE TOTE BAG,RM16.85
RIBENA STRAWBERRY 1L FREE TOTE BAG,RM16.85
SOMERSBY APPLE 0.0 4X320ML,RM16.90
NESCAFE 3IN1 MILD 25SX18G,RM16.95
NESCAFE 3IN1 RICH 25SX18G,RM16.95
NESCAFE 3IN1 WHITE COFFEE 15SX32G,RM16.95
MARIGOLD HL PLAIN 2L,RM16.95
OVALTINE MALTED MILK STICKS 15SX34G,RM17.00
L'OR ESSENSO MICROGROUND COFFEE 20X25G,RM19.00
L'OR ESSENSO MICROGRD COFFEE & CREAMER 20X16G,RM18.90
OATBEDIENT OAT MILK BARISTA 1L,RM17.30
OATBEDIENT OAT MILK CHOCOLATE 1L,RM17.30
NESCAFE WHITE COFFEE HAZELNUT 15SX33G,RM17.65
RED BULL LESS SUGAR 6X250ML,RM17.70
AH HUAT WHITE COFFEE EXTRA RICH 15X40G,RM17.75
AH HUAT WHITE COFFEE LOW FAT N/SUGAR 15X20G,RM17.75
NESCAFE GOLD FLAT WHITE 15X20G,RM17.80
LOR ESSENSO MICROGROUND COFFEE BRAZILIAN 3IN1 20S,RM20.80
LOR ESSENSO MICROGROUND COFFEE COLOMBIAN 2IN1 20S,RM20.80
AUSTRALIA'S OWN ORG BARISTA ALMOND MILK 1L,RM17.90
JIA DUO BAO GOLD CAN HERBAL DRINK 6X310ML,RM17.95
OCEAN SPRAY CRANBERRY JUICE 1L,RM18.60
BLUE DIAMOND ALMOND CHOCOLATE MILK 946ML,RM18.00
BLUE DIAMOND ALMOND MATCHA MILK 946ML,RM18.00
BLUE DIAMOND ALMOND ORIGINAL MILK 946ML,RM18.00
ALI MUTHU AH HOCK WHITE COFFEE TAKMAU GULA 15X25G,RM18.10
ALI MUTHU AH HOCK WHITE COFFEE KURANG MANIS 15X35G,RM18.10
BOH GREEN TEA LATTE 12'S*27GM,RM18.20
BOH T.TARIK KURANG MANIS HALI12X26,RM18.20
BOH T.TARIK KURANG MANIS ORI 12'SX24GM,RM18.20
YOU.C1000 LEMON DRINK 6*140ML,RM18.20
YOU.C1000 ORANGE DRINK 6X140ML,RM18.20
OLD TOWN 3IN1 W/CAFE HAZELNUT 15SX38G,RM19.80
OLD TOWN 3IN1 W/CAFE LESS SUGAR 15SX35G,RM19.80
OLD TOWN 3IN1 W/CAFE CLASSIC 15SX38G,RM19.80
BOH CHAM 12'SX27GM,RM18.20
ANGLIA SHANDY CAN 6X320ML,RM18.40
PACIFIC ALMOND BARISTA 946ML,RM18.50
NESCAFE WHITE COFFEE ORIGINAL 15SX33G,RM18.55
AH HUAT WHITE COFFEE GOLD MEDAL 15X38G,RM18.75
AH HUAT WHITE COFFEE H/NUT & CANE SUGAR 15X38G,RM18.75
CHEKHUP INSTANT TEH TARIK 12X40G,RM18.80
PACIFIC ORG ALMOND ORI UNSWEETENED 946ML,RM18.90
PACIFIC ORGANIC OAT BEVERAGE 946ML,RM18.90
ORIENTAL WHITE COFFEE CLASSIC 10SX38G,RM18.90
ORIENTAL TEH TARIK 10X40G,RM18.90
MILO 3IN1 ACTIV GO 18X33G,RM19.00
LIPTON 3IN1 MILK TEA TEH TARIK 12S,RM19.15
LIPTON MILK TEA LATTE EARL GREY 12S,RM19.15
LIPTON MATCHA GREEN TEA LATTE 12S,RM19.15
LIPTON 3IN1 MILK TEA CLASSIC 12S,RM19.15
LIPTON YELLOW LABEL TEABAG 100SX2G,RM19.35
ALICAFE T/A GINSENG 5IN1 ORIGINAL 30G,RM19.70
GRANTE BLACK GRAPE JUICE 750ML,RM19.75
OLD TOWN 3IN1 W/CAFE CANE SUGAR 15SX36G,RM19.80
OLD TOWN W/CAFE 2IN1 COFFEE&CREAMER 15SX25G,RM19.80
DUTCH LADY UHT LOW FAT 3X1L,RM21.70
DUTCH LADY UHT PLUS PROTEIN FULL CREAM 3X1L,RM21.70
OLD TOWN 3IN1 W/CAFE EXTRA RICH 15SX35G,RM19.80
DUTCH LADY UHT FULL CREAM 3X1L,RM21.70
OLD TOWN KOPITIAM SMOOTH ROAST LESS SUGAR 15SX25G,RM19.80
OLD TOWN WHITE COFFEE SALTED CARAMEL 15SX35G,RM19.80
FLORIDAS QUICK CHILL APPLE JUICE 1L,RM19.90
PODISTA CHOCOLATE CARAMEL INFUSION 100G,RM19.90
PODISTA COFFEE INTENSO 50G,RM19.90
PODISTA COFFEE SUPREMO 50G,RM19.90
PODISTA DOUBLE SHOT 55G,RM19.90
PODISTA CHOCOLATE MINT INFUSION 100G,RM19.90
PODISTA SMOOTH & CREAMY CHOCOLATE 100G,RM19.90
CADBURY DRINKING CHOCOLATE 250G (AUS),RM19.90
OSK 3IN1 MATCH LATTE 12X22G,RM19.90
OSK 3IN1 HOJICHA LATTE 12X22G,RM19.90
OSK 3IN1 JASMINE LATTE 12X22G,RM19.90
CHEKHUP 2IN1 IWC COFFEE&CREAMER 12'S*30GM,RM19.95
CHEKHUP 3IN1 IWC KING 12S*40GM,RM19.95
CHEKHUP 3IN1 IWC LESS SWEET 12'S*35GM,RM19.95
CHEKHUP 3IN1 IWC ORIGINAL 12'S*40GM,RM19.95
WOOLWORTHS APPLE JUICE 2L,RM21.90
WOOLWORTHS MULTIVITAMIN JUICE 2L,RM21.90
HORLICKS ORIGINAL 440G,RM20.10
ALBENS CIDER ORIGINAL 330ML,RM20.10
OLD TOWN 3IN1 WHITE MILK TEA 13SX35G,RM20.15
OLD TOWN MILK TEA 3IN1 HK STYLE,RM20.15
OLD TOWN MILK TEA 3IN1 TEH TARIK,RM20.15
MONTEA DAILY TIEGUANYIN (TIN) 125G,RM20.15
MONTEA DAILY XIANGPIAN (TIN) 125G,RM20.15
MONTEA DAILY GREEN TEA (TIN) 125G,RM20.15
HO YAN HOR HERBAL TEA ORIGINAL 6X240ML,RM20.25
HONEY B SPARKLING HONEY BLACK TEA 6X250ML,RM20.40
HONEY B SPARKLING HONEY PINEAPPLE 6X250ML,RM20.40
CORONA EXTRA BEER 355ML,RM20.45
CHEK HUP MICROGROUND COLOMBIAN CAPPUCCINO 6SX23G,RM20.60
CHEK HUP MICROGROUND COLOMBIAN LATTE 6SX23G,RM20.60
AHMAD TEA GREEN TEA 100S,RM20.70
ENGLISH TEA SHOP OG ENGLISH BREAKFAST 20TB,RM20.70
ENGLISH TEA SHOP OG SUPER BERRIES 20TB,RM20.70
AHMAD TEA ENG.BREAKFAST 100S,RM20.75
COFFEE TREE PENANG WHITE COFFEE W/O SUGAR 15X30G,RM20.80
TWININGS INFUSN HERBAL CAMOMILE 30G,RM20.90
MALTA CAN 6X320ML,RM20.95
CADBURY 3IN1 HOT CHOCOLATE 390G,RM21.45
CHEKHUP 3IN1 WC CLASSIC 12SX37G,RM21.20
HFT AMERICAN GINSENG WITH HONEY 6'SX250ML,RM21.20
HFT IMPERATAE CANE DRINK 6'SX250ML,RM21.20
HFT PEAR & SEA COCONUT DRINK 6X250ML,RM21.20
HFT LEMON JUICE WITH HONEY DRINK 6*250ML,RM21.20
AHMAD TEA EARL GREY 100S,RM21.55
AHMAD TEA JASMINE GREEN TEA 100S,RM21.65
FARMHOUSE FRESH MILK 2X1L,RM24.35
TWININGS JASMINE GREEN TEA 25SX1.8G,RM21.80
TWININGS PURE GREEN TEA 25SX2G,RM21.80
MALTESER HOT CHOCOLATE DRINK 225G,RM21.90
ORIENTAL ROASTED WHITE COFFEE 10SX40G,RM21.90
ORIENTAL WHITE COFFEE NO SUGAR 10SX32G,RM21.90
ORIENTAL WHITE COFFEE HIMALAYAN SALT 10X38G,RM21.90
BICKFORDS LEMON JUICE CORDIAL 750ML,RM21.90
BICKFORDS NATURAL LIME CORDIAL 750ML,RM21.90
BICKFORDS RASPBERRY FLV CORDIAL 750ML,RM21.90
137 DEGREES ALMOND MILK WITH AVOCADO 1L,RM23.50
COFFEE TREE PENANG WHITE COFFEE 15X40G,RM22.15
BREWDOG LOST LAGER 330ML,RM22.50
NESCAFE GOLD JAR 100G,RM23.75
TCHIBO GOLD SELECTION COFFEE 100G,RM22.80
HARADA GREEN TEA-YABUKITA B.TOKUYO RYOKU 50'SX2G,RM22.90
VITTORIA DECAFFEINATED COFFEE CAPSULES 52G,RM22.90
VITTORIA ESPRESSO COFFEE CAPSULES 52G,RM22.90
VITTORIA LATTE COFFEE CAPSULES 52G,RM22.90
MILO SOFT PACK 1KG,RM23.20
NESCAFE GOLD DECAF JAR 100G,RM24.40
BREWDOG PUNK IPA 330ML,RM24.50
NESCAFE CLASSIC REF 200G,RM23.50
TWININGS PURE PEPPERMINT 25X2G,RM26.50
TWININGS INFUSION LEMON&GINGER 25'SX1.5G,RM26.50
TWININGS 4 RED FRUITS FLAVOURED TEA 25SX2GM,RM26.50
TWININGS PASSIONFRUIT MANGO&ORANGE 25SX2G,RM26.50
TWININGS PEACH FLAVOURED TEA 25SX2GM,RM26.50
TWININGS INFUSION SBERRY&MANGO 25'SX2G,RM26.50
MOCCONA ESPRESSO STYLE FD COFFEE 100G,RM25.30
OSK JAPANESE ROASTED RICE GREEN TEA 50X2G,RM23.90
OSK JASMINE GREEN TEA 50SX1.5G,RM23.90
OSK JAPANESE GREEN TEA 50X2G,RM23.90
OSK JAPANESE OSMANTHUS GREEN TEA 50X1.3G,RM23.90
ORIENTAL MOCHA 10X40G,RM23.90
BUNDABERG TROPICAL MANGO 4X375ML,RM28.50
BUNDABERG DIET GINGER BEER 4X375ML,RM28.50
BUNDABERG PASSION FRUIT 4X375ML,RM28.50
BUNDABERG GINGER BEER FAT BOTTLE 4X375ML,RM28.50
BUNDABERG PINK GRAPEFRUIT 4X375ML,RM28.50
BUNDABERG ROOT BEER FAT BOTTLE 4X375ML,RM28.50
HEART OF DARKNESS FIRST SUNSET KUMQUAT PA 330ML,RM24.50
HARADA BROWN RICE GREEN TEA 50'SX2G,RM24.90
YEOS SOYA BEAN 4(6X250ML),RM24.95
BINGGRAE STRAWBERRY FLV MILK DRINK 6*200ML,RM33.20
BINGGRAE MELON MILK 6X200ML,RM33.20
BINGGRAE BANANA FLV MILK DRINK 6*200M,RM33.20
HEART OF DARKNESS FUTILE PURPOSE CUCUMBER 330ML,RM26.50
137 DEGREES WALNUT MILK ORIGINAL 1L,RM25.00
137 DEGREES PISTACHIO MILK DOUBLE CHOC 1L,RM25.00
KIZAKURA KYOTO BEER KUROMAME ALE 330ML,RM25.50
BONCAFE ESPRESSO COFFEE POWDER 200GM,RM25.80
BONCAFE MOCCA COFFEE BEANS 200G,RM25.80
BONCAFE ALL DAY COFFEE POWDER 200GM,RM25.80
BONCAFE MORNING COFFEE POWDER 200GM,RM25.80
BONCAFE MOCCA COFFEE POWDER 200G,RM25.80
RED BULL EUROPE 4X250ML,RM25.90
HEART OF DARKNESS DREAM ALONE PALE ALE 330ML,RM27.20
BREWDOG ELVIS JUICE IPA 330ML,RM27.20
BREWDOG HAZY JANE 330ML,RM27.00
MOCCONA INDULGENCE INSTANT COFFEE 100G,RM27.70
MOCCONA ROASTED HAZELNUT FD COFFEE 95G,RM27.70
OATBEDIENT OAT MILK 28G,RM26.30
OATBEDIENT CHOCOLATE OAT MILK 35G,RM26.30
OATBEDIENT OAT MILK W OATS & CHIA SEED 35G,RM26.30
APPLE FOX CIDER CAN 4X320ML,RM26.40
UCC I/C THE BLEND 117 90G,RM26.50
UCC I/C THE BLEND 114 90G,RM26.50
HARADA JASMINE GREEN TEA 50'SX2G,RM26.90
SAN PELLEGRINO LIMONATA 4X330ML,RM30.30
SAN PELLEGRINO ARANCIATA 4X330ML,RM30.30
SAN PELLEGRINO ARANCIATA ROSSA 4X330ML,RM30.30
SKOL BEER CAN 4X320ML,RM27.40
SOMERSBY PASSIONFRUIT & ORANGE 4X320ML,RM28.90
SOMERSBY APPLE CAN 4X320ML,RM28.65
SOMERSBY BLACK BERRY CAN 4X320ML,RM28.90
MILO 3IN1 ACTIGEN ORIGINAL STP 30X33G,RM27.85
NATURAL ONE PURE APPLE 1.5L,RM28.20
NATURAL ONE GRAPES APPLE 1.5L,RM28.20
RIBENA BLACKCURRANT 2L,RM28.55
HEART OF DARKNESS KURTZ INSANE IPA 330ML,RM30.30
TIGER CRYSTAL CAN 4X320ML,RM30.80
SBUX NESPRESSO ESPRESSO ROAST 10S,RM29.00
WEIHENSTEPHANER HEFEWEISSBIER 500ML,RM29.90
WEIHENSTEPHANER HEFEWEISSBIER DUNKEL 500ML,RM29.90
WEIHENSTEPHANER KRISTALL WEISSBIER 500ML,RM29.90
SURUGAEN OTOKU NO MACCHA 80G,RM29.90
SURUGAEN YUKI SAIBAI FUNMATSU RYOKUCHA 100G,RM29.90
BREW & BREAD CLEANSER LIGHT DRIP COFFEE 6SX12G,RM29.90
BREW & BREAD SUGAR DADDY FUNDRIP COFFEE 6SX12G,RM29.90
HONG CHO BLACKBERRY VINAIGRETTE DRINK 900ML,RM31.10
HONG CHO BLUEBERRY VINAIGRETTE DRINK 900ML,RM31.10
HONG CHO STRAWBERRY & GRAPEFRUITS 900ML,RM31.10
DAESANG HONG CHO APPLE VINEGAR DRINK 900ML,RM31.10
SPRITZER MINERAL WATER 24X550ML,RM30.00
STARBUCKS BLONDE RST VERANDA BLEND GROUND 200G,RM30.10
STARBUCKS DARK ROAST CAFE VERONA GROUND 200G,RM30.10
STARBUCKS MED RST PIKE PLACE BEAN 200G,RM30.10
ALPS ELABORATE GRAPE JUICE 1L,RM30.90
ALPS ELABORATE GRAPE JUICE PREMIUM WHITE 1L,RM30.90
WEIHENSTEPHANER KELLERBIER 1516 500ML,RM30.90
ROYAL STOUT CAN 4X320ML,RM31.00
NESTLE OMEGA PLUS ACTICOL 600G,RM33.60
EVIAN MINERAL WATER 6X500ML,RM31.30
LAVAZZA CRME E GUSTO GROUND 250G TIN,RM31.60
NESCAFE CLASSIC REF 300G,RM32.20
GUINNESS STOUT CAN 4X320ML,RM32.50
OCEAN SPRAY LIGHT CRANBERRY 1.5L,RM32.90
CADBURY DRINKING CHOCOLATE 450G,RM32.90
REMEDY ORGANIC KOMBUCHA RASPBERRY LEMONADE 250ML,RM32.90
REMEDY ORGANIC KOMBUCHA PEACH 250ML,RM32.90
REMEDY ORGANIC KOMBUCHA GINGER LEMON 250ML,RM32.90
REMEDY ORGANIC KOMBUCHA LEMON LIME & MINT 250ML,RM32.90
STARBUCKS CAFFE LATTE CAPS 121G,RM33.00
NESCAFE DOLCE GUSTO GRANDE INTENSO 16S,RM33.10
NESCAFE DOLCE GUSTO CAFE AU LAIT 16S,RM33.10
NESCAFE DOLCE GUSTO ESPRESSO INTENSO 16S,RM33.10
NESCAFE DOLCE GUSTO CHOCOCINO 16S,RM33.10
NESCAFE DOLCE GUSTO CAPPUCINO 16S,RM33.10
NESCAFE DOLCE GUSTO FLAT WHITE 16S,RM33.10
NESCAFE DOLCE GUSTO AMERICANO 128G,RM33.10
STARBUCKS DOLCE GUSTO AMERICANO 12S,RM33.10
STARBUCKS DOLCE GUSTO CARAMEL MACCHIATO 12S,RM33.10
STARBUCKS DOLCE GUSTO ESPRESSO ROAST 12S,RM33.10
STARBUCKS DOLCE GUSTO CAPPUCCINO 12S,RM33.10
NESCAFE GOLD RP 170G,RM33.15
ILLY CLASSIC ROAST GROUND 125G,RM33.15
ILLY BOLD ROAST GROUND 125G,RM33.15
CONNOR'S 4X320ML,RM35.50
DAVIDOFF INST COFFEE RICH AROMA 100GM,RM33.70
DAVIDOFF INST COFFEE ESPRESSO 100GM,RM33.70
DAVIDOFF INST COFFEE FINE AROMA 100GM,RM33.70
HEART OF DARKNESS LOOSE RIVET NEIPA 330ML,RM33.80
SCHWEPPES LEMON LIME N BITTERS 300ML,RM33.90
HEINEKEN BEER CAN 4X320ML,RM36.00
LAVAZZA QUALITA ROSSA TIN 250G,RM34.20
LAVAZZA QUALITA ROSSA BEANS 250G BAG,RM34.20
SIN BOON KEE ROYAL BLACK ORI 10S,RM34.80
SIN BOON KEE ROYAL BLACK SUGAR FREE 10S,RM34.80
BONCAFE DECAFFEINATED COFFEE POWDER 200GM,RM35.05
MONTEA SIGNATURE XIANPIAN (TIN) 125G,RM35.65
MONTEA SIGNATURE PU'ER (TIN) 125G,RM35.65
CARLSBERG SPECIAL BREW CAN 4X320ML,RM35.90
BITERIOT PURE CHERRY JUICE 1LITRE,RM35.90
NESTLE MILO PLANT BASED 395G,RM36.90
KRONENBOURG 1664 BLANC CAN 4*320ML,RM37.00
KRONENBOURG 1664 ROSE CAN 4X320ML,RM37.00
KRONENBOURG 1664 BRUT CAN 4X320ML,RM37.00
MILO SOFT PACK 2KG,RM42.10
MONTEA DAILY LYCHEE BLACK TEA (TIN) 80G,RM38.00
EDELWEISS WHEAT BEER 4X330ML,RM40.90
SOMERSBY APPLE CIDER 4X330ML,RM38.20
STARBUCKS DARK ROAST INS. COFFEE POWDER 90G,RM38.65
HANSUNG HANRABONG HONEY TEA 1150G,RM44.85
HANSUNG JUJUBE HONEY TEA 1150G,RM44.85
HANSUNG CITRON HONEY TEA 1150G,RM45.55
HANSUNG PASSION FRUIT HANRABONG TEA 1150G,RM44.85
HANSUNG LEMON HONEY TEA 1150G,RM44.85
HANSUNG GINGER HONEY TEA 1150G,RM44.85
HANSUNG POMEGRANATE HONEY TEA 1150G,RM44.85
HANSUNG ALOE HONEY TEA 1150G,RM44.85
LAVAZZA CAFE ESPRESSO(BLACK) BEAN 250G,RM39.20
WEIHENSTEPHANER KORBINIAN 500ML,RM39.90
LAVAZZA QUALITA ORO TIN 250G,RM39.95
LAVAZZA QUALITA ORO BEANS 250G,RM39.95
NESCAFE GOLD 200G,RM43.80
HACO MOCHA MEDIUM ROAST 100G,RM42.90
HACO SUISS SPECIAL BLEND MEDIUM ROAST 100G,RM42.90
SUISS HACO ESPRESSO DARK ROAST 100G,RM42.90
SUISS HACO FUSION ARABICA 100G,RM42.90
ANCHOR SMOOTH CAN 6X320ML,RM42.90
NESCAFE GOLD ESPRESSO 95G,RM42.90
SUISS HACO ARABICA MILD ROAST 100G,RM42.90
LAVAZZA DECAF TIN GROUND 250G,RM42.95
TIGER BEER CAN 6X320ML,RM44.80
SINGHA BEER BOTTLE 4X330ML,RM44.90
CARLSBERG BEER CAN (GL) 6X320ML,RM44.00
MATCHARO HONEY CHOCO MULTIGRAIN 500G,RM44.10
MATCHA PRO+ 18 GRAINS 500G,RM44.10
MOCCONA ESPRESSO STYLE FD COFFEE 200G,RM44.70
MOCCONA DARK ROAST FD COFFEE 200G,RM44.70
MOCCONA CLASSIC MEDIUM ROAST FD COFFEE 200G,RM44.70
SIGNUS SAUVIGNON BLANC,RM54.00
CARLSBERG BEER CAN (GL) 4X500ML,RM47.10
CARLSBERG SMOOTH DRAUGHT BEER CAN 4X500ML,RM47.10
CARLSBERG SMOOTH DRAUGHT CANS 6*320ML,RM47.70
NESTLE OMEGA+ACTICOL 1KG,RM48.90
MILO AUSTRALIA 1KG,RM50.90
GENESIS CABERNET SAUVIGNON,RM54.00
RAIZ CABERNET SAUVIGNON,RM54.00
RAIZ MERLOT,RM54.00
GENESIS MERLOT,RM54.00
GENESIS SAUVIGNON BLANC,RM54.00
ILLY INSTANT COFFEE SMOOTH RED STRIPE 95G,RM51.30
ILLY INSTANT COFFEE INTENSE BURGUNDY STRIPE 95G,RM51.30
KRONENBOURG 1664 BLANC PTS 4X325ML,RM52.50
TWININGS LONDON STRAND EARL GREY 15X2.5G,RM55.00
TWININGS BUDDING MEADOW CAMOMILE 4X(15X2.5G),RM55.00
GUINNESS DRAUGHT CAN 4X440ML,RM58.20
CHANG CLASSIC BEER 4X320ML,RM58.40
LFE CLASSIC CELLAR CABERNET SAUVIGNON,RM76.00
LFE CLASSIC CELLAR SAUVIGNON BLANC,RM76.00
EVIAN NATURAL MINERAL WATER MP 6X1.5L,RM59.65
ILLY BOLD ROAST GROUND 250GX12,RM61.90
ILLY CLASSIC ROAST BEAN 250G,RM61.90
ILLY DECAFF GROUND 250G,RM61.90
SINGHA BEER CAN 6X330ML,RM66.90
CHARLOTTE STREET CABERNET SAUVIGNON,RM66.00
ILLY CLASSIC ROAST CAPSULES 21S,RM66.20
ANGOVE HOPES END RED BLEND,RM79.00
ANGLIA SHANDY CAN 24X320ML,RM71.00
INTERNATIONAL ROAST COFFEE 500G,RM74.90
VILLA MARIA PRIVATE BIN SAUVIGNON BLANC BLUSH,RM144.00
FAUSTINO VII BLANCO,RM98.00
FUZION ALTA RESERVE CABERNET SAUVIGNON,RM98.00
FUZION ALTA TORRONTES PINOT GRIGIO,RM98.00
LAVAZZA CREMA E AROMA BEANS 1KG,RM102.45
STELLA ARTOIS BEER BOTTLE 6*330ML+GLASS,RM102.50
CHOYA UJICHA GREEN TEA 720ML,RM137.00
FAUSTINO VII TINTO,RM115.00
PETER LEHMANN HILL & VALLEY CABERNET SAUVIGNON,RM117.00
MARTINI ROSSO,RM119.00
GRANT BURGE CAMERON VALE CABERNET,RM128.00
GRANT BURGE BAROSSA HILLCOT MERLOT,RM128.00
GRANT BURGE MIAMBA SHIRAZ,RM128.00
CHOYA GREEN EXTRA YEAR 700ML,RM148.00
SKOL BEER CAN 24X320ML,RM159.00
TIGER CRYSTAL CAN 24X320ML,RM175.00
GRANT BURGE FILSELL SHIRAZ,RM195.00
TIGER BEER CAN 24X320ML,RM171.00
CARLSBERG BEER CAN (GL) 24X320ML,RM168.00
CARLSBERG SMOOTH DRAUGHT CANS 24X320ML,RM170.00
SOMERSBY BLACK BERRY CAN 24X320ML,RM170.80
SOMERSBY PASSIONFRUIT & ORANGE 24X320ML,RM170.80
SOMERSBY APPLE CAN 24X320ML,RM170.80
BAILEYS ORIGINAL IRISH CREAM 700ML,RM171.00
CHOYA GOLD ROYAL HONEY 700ML,RM191.00
GRANT BURGE CORRYTON PARK CABERNET SAUVIGNON,RM195.00
GRANT BURGE BALTHASAR SHIRAZ,RM195.00
GRANT BURGE THE HOLY TRINITY GSM,RM195.00
GUINNESS STOUT CAN 24X320ML,RM180.00
PRIMA PERLA CHARDONNAY BLANC DE BLANC,RM184.00
CONNOR'S 24X320ML,RM201.00
DOM BENEDICTINE 750ML,RM192.00
HEINEKEN BEER CAN 24X320ML,RM203.00
ROKU SUNTORY GIN,RM290.00
EDELWEISS WHEAT BEER 24X330ML,RM227.20
SOMERSBY APPLE CIDER 24X330ML,RM225.10
BACARDI CARTA BLANCA - 750ML,RM235.00
PINNACLE ORIGINAL VODKA,RM237.00
TIMAH DOUBLE PEATED BLENDED WHISKY 750ML,RM262.00
KRONENBOURG 1664 BLANC PTS 4X6X325ML,RM308.00
