Products Name,Price in RM
LOTUSS DRINKING WATER 500ML,0.55
LOTUSS MINERAL WATER 600ML,0.65
DESA DRINKING WATER 500ML,0.75
LOTUSS DRINKING WATER 1.5L,0.95
LOTUSS MINERAL WATER 1.5L,1.09
MOMA WATER PREMIUM BLUE 500ML,1.10
DESA DRINKING WATER 1.5L,1.25
ALPINE NAT MINERAL WATER 600ML,1.25
JUS MASTER ASAM JAWA 320ML,1.29
JUS MASTER BLACKCURRANT 320ML,1.29
JUS MASTER CALAMANSI PLUM 320ML,1.29
SPRITZER MIN WTR 550ML,1.30
YEOS GRASS JELLY 300ML,1.45
MUNIRA GUAVA DRINK 170ML,1.49
MUNIRA MANGO DRINK 170ML,1.49
MUNIRA LYCHEE DRINK 170ML,1.49
MUNIRA BLACKCURRANT DRINK 170ML,1.49
MUNIRA APPLE DRINK 170ML,1.49
F&N SEASONS GRASS JELLY (CINCAU) 300ML,1.50
KICKAPOO JOY 320ML,1.55
100 PLUS ISOTONIC 325ML,1.65
COCA-COLA RASA ASLI CAN 320ML,1.70
F&N CLUB SODA WATER 325ML,1.75
FN GRAPE CAN 325ML,1.75
FN ICE CRM SODA 325ML,1.75
FN STRAWBERRY CAN 325ML,1.75
FN SARSI CAN 325ML,1.75
EVERVESS GINGER ALE 320ML,1.79
EVERVESS TONIC 320ML,1.79
EVERVESS SODA 320ML,1.79
FANTA ORANGE 500ML,1.80
FANTA STRAWBERRY 500ML,1.80
F&N ED TONIC CAN 325ML,1.90
FUZE TEA ICE LEMON TEA 500ML,1.95
FUZE TEA JASMINE GREEN TEA 500ML,1.95
OYOSHI LYCHEE GREEN TEA 380ML,1.95
OYOSHI ORIGINAL GREEN TEA 380ML,1.95
OYOSHI HONEY LEMON GREEN TEA 380ML,1.95
FUZE TEA ICE PASSION FRUIT TEA 500ML,1.95
OYOSHI LEMON BLACK TEA 380ML,1.95
APLINE NAT MINERAL WATER 1.5L,1.99
MINUTE MAID PUPLY TROPICAL 300ML,1.99
MINUTE MAID PUPLY ORANGE 300ML,1.99
NUTRIFRES AFDAL PATI LAICI 375ML,2.00
NUTRIFRES AFDAL PATI ANGGUR 375ML,2.00
NUTRIFRES AFDAL PATI ANGGUR 375ML,2.00
POWER ROOT EXTRA HONEY TONGKAT ALI 250ML,2.02
KARTA COCONUT WATER ORIGINAL 330ML,2.05
100 PLUS ISOTONIC 500ML,2.05
100 PLUS LEMON LIME 500ML,2.05
KICKAPOO JOY 500ML,2.10
SPRITZER SPARKLING MW LEMON 400ML,2.15
NUTRIFRES AFDAL PATI SARSI 375ML,2.15
NUTRIFRES AFDAL PATI OREN 375ML,2.15
NUTRIFRES AFDAL PATI ROSE 375ML,2.15
LIPTON ICE TEA LMN 450ML,2.15
SPRITE CAN 320ML,2.20
SOSRO APPLE TEA 500ML,2.24
SOSRO APPLE+BLACKCURRANT TEA 500ML,2.24
SOSRO BLACKCURRANT TEA 500ML,2.24
SOSRO STRAWBERRY TEA 500ML,2.24
SOSRO STRAWBERRY+GRAPE TEA 500ML,2.24
SOSRO LESS SUGAR TEA BOTOL 350ML,2.24
SOSRO ORIGINAL TEA BOTOL 350ML,2.24
AH HUAT HERBAL TEA 310ML,2.25
COKE VANILLA 320ML,2.30
MOMA WATER PREMIUM BLUE 1.5L,2.35
SPRITZER MINERAL WATER 1.25L,2.35
V-SOY ORIG SOYA BEAN 300ML,2.35
SPRITE 500ML,2.35
V-SOY MULTI GRAIN SOYBEAN MILK 300ML,2.35
FUZE TEA MANGO CHAMOMILE 500ML,2.39
A+W SARSAPARILLA BOTTLE 500ML,2.39
PER'L KACIP FATIMAH KOLAGEN KURMA 250ML,2.40
COCA-COLA RASA ASLI 500ML,2.45
F&N SEASONS SOYA BEAN 1L,2.50
SCHWEPPES GINGER ALE CAN 320ML,2.50
POKKA JASMINE G/TEA 500ML,2.50
COKE ZERO 500ML,2.50
7UP BTL 500ML,2.50
F&N SEASONS CHRYSTHEMUM DRINK 1L,2.50
SCHWEPPES SODA WATER CAN 320ML,2.50
SCHWEPPES TONIC WATER CAN 320ML,2.50
LIPTON ICE TEA GREEN LMN 450ML,2.55
ALICAFE TONGKAT ALI GINSENG ORI 250ML,2.59
ALPINE SPORT NATURAL MINERAL WATER 750ML,2.59
COOL RHINO 350ML,2.69
VITAMILK REGULAR SOYA BEAN 300ML,2.69
VITAMILK DOUBLE CHOC SOYA BEAN 300ML,2.69
MASTER KANG HONEY PAMELO 500ML,2.69
MASTER KANG JASMINE PAMELO TEA 500ML,2.69
MASTER KANG WTR CHESTNUT+SGR CANE 500ML,2.69
MASTER KANG HONEY PAMELO 500ML,2.69
MASTER KANG HONEY JASMINE TEA 500ML,2.69
MASTER KANG JASMINE TEA 500ML,2.69
MASTER KANG ICE LEMON TEA 500ML,2.69
MASTER KANG ROCK SUGAR PEAR 500ML,2.69
DRINHO CHRYSANTHEMUM TEA 1L,2.69
DRINHO SOYA BEAN 1L,2.69
DRINHO WINTER MELON 1L,2.69
DRINHO LYCHEE 1L,2.69
PRAN COCONUT WATER CAN 330ML,2.70
ATH AYATAKA GREEN TEA 500ML,2.70
ATH DA HONG PAO OOLONG TEA 500ML,2.70
RIBENA MOBILE REG 300ML,2.70
MARIGOLD EVAPORATED CREAMER 390G,2.79
PRAN COOLING TAMARIND 290ML,2.80
YEOS SOYA BEAN 1L,2.80
YEOS CHRYSANTHEMUM TEA 1L,2.80
POKKA OOLONG TEA 500ML,2.80
POKKA SENCHA 500ML,2.80
POKKA LMN TEA 500ML,2.80
FANTA ORANGE 1.5L,2.89
FANTA S/BERRY 1.5L,2.89
FANTA GRAPE 1.5L,2.89
A&W SARSAPARILLA BOTTLE DRINK 1.5L,2.89
SPRITE 1.5L,2.89
COCA COLA VANILLA 1.5L,2.89
COKE ZERO SUGAR 1.5L,2.89
SPRITE ZERO 1.5L,2.89
COCA COLA VANILLA 1.5L,2.89
COKE ZERO SUGAR 1.5L,2.89
COOL RHINO O2 350ML,2.90
POKKA JASMINE GREEN TEA 1L,2.90
LOTUSS SWEETENED CREAMER 500G,2.95
100PLUS ACTIVE REPLENISH 1L,2.95
RIBENA MOBILE JELLY REGULAR DRINKS 170G,2.95
LOTUSS KOPI-O WITH SUGAR 5SX15G,2.99
LOTUSS 3IN1 CHOCOMALT 3SX30G,2.99
LOTUSS TEH TARIK REGULAR 3SX35G,2.99
LOTUSS 3IN1 PREMIX COFFEE REGLR 5SX18G,2.99
LOTUSS KOPI-O WITHOUT SUGAR 5SX10G,2.99
HAITAI BON BON GRAPE CAN JUICE 238ML,2.99
CHA PAI LEMON PU ER TEA 500ML,2.99
CHA PAI OOLONG PEACH TEA 500ML,2.99
CHA PAI ICED LEMON TEA 500ML,2.99
CHA PAI GRAPE OOLONG TEA 500ML,2.99
CHA PAI JASMINE PAMELO TEA 500ML,2.99
CHA PAI PAMELO GREEN TEA 500ML,2.99
DONGA APPLE DEMISODA 250ML,2.99
DONGA LEMON DEMISODA 250ML,2.99
DONGA GRAPE DEMISODA 250ML,2.99
DONGA PEACH DEMISODA 250ML,2.99
UNIF ALL YOU NEED 100% VEGETABLE AND FRUIT JUICE WITH GREEN VEGETABLE 300ML,2.99
UNIF ALL YOU NEED 100% VEGETABLE AND FRUIT JUICE WITH BERRY 300ML,2.99
UNIF ALL YOU NEED 100% VEGETABLE AND FRUIT JUICE WITH TOMATO 300ML,2.99
LOTUSS EVAPORATED CREAMER 390G,2.99
GOLD COIN KOPI TEH TARIK SWEETENED CREAMER 500G,3.09
YEOS WINTER MELON TEA 1L,3.10
YEOS LYCHEE 1L,3.10
DAIRY CHAMP EVAPORATED CREAMER 390G,3.10
YEOS ICE TEA LEMON 1L,3.10
THREE LEGS COOLING WATER 500ML,3.10
SAJI EVAPORATED CREAMER 390G,3.10
YEOS JASMINE GREEN TEA PET1.5L,3.13
MIRINDA ORANGE BTL 1.5L,3.15
MIRINDA STRAWBERRY FLAVOURED SOFT DRINK BOTTLE 1.5L,3.15
100 PLUS LEMON LIME (C) PET 1.5L,3.19
PEPSI COLA 1.5L,3.19
7UP BOTTLE 1.5L,3.19
REVIVE REGULAR 1.5L,3.19
100PLUS ORIGINAL REDUCED SUGAR 1.5L,3.19
100 PLUS ISOTONIC ZERO 1.5L,3.19
100 PLUS ISOTONIC DRINK 1.5L,3.19
KICKAPOO JOY JUICE CARBONATED DRINK 1.5L,3.19
SAJI SWEETENED CREAMER 500G,3.20
DRINHO SOYA MILK CORN 1L,3.25
RIBENA PET REGULAR 450ML,3.25
HOMESOY SOYA MILK 1L,3.29
HOMESOY NO SUGAR ADDED 1L,3.29
HOMESOY HONEY MELON SOYA MILK 1L,3.29
HOMESOY BROWN SUGAR SOYA MILK 1L,3.29
7UP FREE 1.5L,3.39
NF SPRING JASMINE TEA 500ML,3.44
NF SPRING PU ER TEA 500ML,3.44
NF SPRING OOLONG TEA 500ML,3.44
FAMOUS HOUSE ORANGE JUICE 485ML,3.44
FAMOUS HOUSE GUAVA JUICE 500ML,3.44
FAMOUS HOUSE MIXED FRUIT JUICE 500ML,3.44
FAMOUS HOUSE MANGO JUICE 500ML,3.44
FAMOUS HOUSE PEACH JUICE 500ML,3.44
FAMOUS HOUSE GRAPE JUICE 500ML,3.44
LIVELY LEMON GUAR TEA 450ML MY,3.45
FN GRAPE 1.5L,3.45
FN FRUITADE 1.5L,3.45
FN ZAPPEL 1.5L,3.45
FN ICE CREAM SODA 1.5L,3.45
FN STRAWBERRY 1.5L,3.45
F&N OUTRAGEOUS ORANGE CARBONATED DRINK 1.5L,3.45
F&N SARSI CARBONATED DRINK 1.5L,3.45
AMEEN CORN 395ML,3.49
AMEEN ROSE 395ML,3.49
AMEEN LYCHEE 395ML,3.49
AMEEN GRAPE 395ML,3.49
AMEEN SARSI 395ML,3.49
DAIRY CHAMP SWEETENED CREAMER 500G,3.49
YEOS B.SUGAR SOY 1L,3.49
LIPTON POTBAGS EXTRA STRONG P20,3.49
GOLD COIN SWEETENED CREAMER 500G,3.49
MARIGOLD UHT APPLE DRINK 1L,3.50
MARIGOLD UHT MANGO DRINK 1L,3.50
MARIGOLD ORANGE DRINK 1L,3.50
OYOSHI ORIGINAL GREEN TEA 1L,3.65
OYOSHI HONEY LEMON GREEN TEA 1L,3.65
F&N EVAPORATED CREAMER 390G,3.69
PEPSI BLACK VANILLA 1.5L,3.70
PEPSI BLACK PET 1.5L,3.70
BLUE DIAMOND ALMOND CHOC MILK 180ML,3.74
BLUE DIAMOND ALMOND LATTE MILK 180ML,3.74
BLUE DIAMOND ALMOND MATCHA MILK 180ML,3.74
BLUE DIAMOND ALMOND ORIGINAL MILK 180ML,3.74
BLUE DIAMOND ALM UNSWTND ORI MILK 180ML,3.74
BLUE DIAMOND ALMOND VANILLA MILK 180ML,3.74
SUNKIST PISTACHIO UNSWTND MILK 180ML,3.74
SUNKIST PISTACHIO ORIGINAL MILK 180ML,3.74
SUNKIST PISTACHIO CHOCOLATE MILK 180ML,3.74
ICHITAN THAI BROWN SUGAR MILK 310ML,3.74
ICHITAN THAI MILK COFFEE 310ML,3.74
ICHITAN THAI MILK GREEN TEA 310ML,3.74
ICHITAN THAI MILK TEA 310ML,3.74
HATAKOSEN RAMUNE SODA-STRAWBERRY 200ML,3.74
HATAKOSEN RAMUNE SODA BLUEBERRY 200ML,3.74
HATAKOSEN RAMUNE SODA ORANGE 200ML,3.74
HATAKOSEN RAMUNE SODA L.MELON 200ML,3.74
HATAKOSEN RAMUNE SODA YUZU 200ML,3.74
HATAKOSEN RAMUNE SODA LYCHEE 200ML,3.74
CHUPA CHUPS GRAPE SPARKLING 345ML,3.74
CHUPA CHUPS ORANGE SPARKLING 345ML,3.74
CHUPA CHUPS STRAWBERRY SPARKLING 345ML,3.74
CARNATION EVAPORATION CREAMER 390G,3.75
MARIGOLD CHEF'S SELECTION EVAPORATED CREAMER 390G,3.79
VALUE KOPI CAMPURAN 250G,3.79
F&N SWEETENED CREAMER TEH TARIK 500G,3.79
PRAN BASIL SEED MANGO 290ML,3.80
PRAN BASIL SEED STRABERRY 290ML,3.80
PRAN BASIL SEED LYCHEE 290ML,3.80
SPRITZER SPARKLING CARBONATED NATURAL MINERAL WATER 1000ML,3.85
PEPSI BLACK LIME 1.5L,3.90
GLACEAU VIT. WATER ESSENTIAL 500ML,3.90
GLACEAU VIT. WATER RESTORE 500ML,3.90
GLACEAU VIT. WATER TRIPLE X 500ML,3.90
DOLE PINEAPPLE TROPICAL JUICE 240ML,3.90
DOLE PINEAPPLE MANGO JUICE 240ML,3.90
DOLE PINEAPPLE ORANGE JUICE 240ML,3.90
DOLE PINEAPPLE ORANGE BANANA JUICE 240ML,3.90
DOLE 100% PINEAPPLE JUICE 240ML,3.90
FN SWEETENED CREAMER HICAL 500G,3.90
MUG SARSAPARILLA PET 1.5L,3.90
SUNQUICK FRUIT DRINK ORANGE 5X125ML,3.95
SUNQUICK FRUIT DRINK BERRIES 5X125ML,3.95
SUNQUICK FRUIT DRINK APPLE 5X125ML,3.95
F&N SEASONS ICE LEMON TEA (A) PET 1.5L,3.95
GENKI FOREST SPKLG CALAMANSI JUC 480ML,3.97
GENKI FOREST SPARKLING PEACH JUC 480ML,3.97
GENKI FOREST SPARKLING LYCHEE JUC 480ML,3.97
GENKI FRST SPARKLING BLK GRAPE JUC 480ML,3.97
FAMOUS HOUSE BANANA MILK 500ML,3.97
FAMOUS HOUSE MANGO MILK 500ML,3.97
FAMOUS HOUSE PAPAYA MILK 500ML,3.97
LOTUSS TEA POT BAG 40SX2G,3.99
LOTUSS TEA POT BAG KAW 28SX3G,3.99
LOTUSS CHOCOMALT 200G,3.99
FN VITAMINISED SWEETENED CREAMER 500G,3.99
LOTUSS FULL CREAM MILK UHT 125MLX4,3.99
LOTUSS CHOCOLATE MILK UHT 125MLX4,3.99
KAPAL API (HALUS) 180G,3.99
KAPAL API INSTANT COFFEE (KASAR) 180G,3.99
MINUTE MAID PULPY TROPICAL 1.5L,4.10
MINUTE MAID PUPLY ORANGE 1.5L,4.10
POKKA PREMIUM MILK COFFEE 500ML,4.20
POKKA PREMIUM MILK CAPPUCCINO 500ML,4.20
POKKA PREMIUM MILK TEA 500ML,4.20
MOUNTAIN DEW PITCH BLACK 1.5L,4.20
MOUNTAIN DEW 1.5L,4.20
HANG TUAH SERBUK KOPI CAMPURAN(H)200G,4.40
HANG TUAH SERBUK KOPI CAMPURAN(B)200G,4.40
NESCAFE 3IN1 ORI 5X18G,4.59
LIPTON ICE TEA LMN 1.5L,4.60
NESCAFE LATTE CARAMEL 5X25G,4.65
HOMESOY NO SUGAR ADDED 3.0 946ML,4.69
ATH AYATAKA GREEN TEA 1.5L,4.69
FUZE TEA ICE G/TEA JASMINE 1.5L,4.69
FUZE TEA ICE PASSION FRUIT TEA 1.5L,4.69
FUZE TEA ICE LEMON TEA 1.5L,4.69
WALKER'S SPARKLING SODA LYCHEE 0% 290ML,4.70
WALKER'S SPARKLING SODA LYCHEE 0% 290ML,4.70
WALKER'S SPARKLING SODA PASSION FRUIT 0% 290ML,4.70
WALKER'S GINGER BEVERAGE 250ML,4.70
MILO UHT MILK 125MLX4,4.75
YEOS CHRYSANTHEMUM TEA 1.5L,4.85
YEOS LYCHEE 1.5L,4.85
YEOS WINTER MELON 1.5L,4.85
YEO'S IMMUNO SOY MILK 1L,4.90
YEO'S IMMUNO SOY CHOCOLATE 1L,4.90
IDEAL FULL CREAM EVAPORATED MILK 390G,4.90
POKKA MELON MILK 1L,4.90
POKKA MANGO MILK 1L,4.90
DRINHO MANGO DRINK 250MLX6,4.90
DRINHO SOYA BEAN 250MLX6,4.90
DRINHO SUGARCANE 250MLX6,4.90
DRINHO ICE PEACH TEA 250ML X 6,4.90
DRINHO CHRYSANTHEMUM TEA 250MLX6,4.90
DRINHO WINTER MELON 250MLX6,4.90
DRINHO ORANGE 250MLX6,4.90
DRINHO LYCHEE 250MLX6,4.90
AHMAD TEA JASMINE GREEN TEA 25S,4.99
LOTUSS NON-DAIRY CREAMER 450G,4.99
LOTUSS DRINKING WATER 5.5L,4.99
PRAN MANGO JUICE PET 1L,4.99
PRAN APPLE JUICE PET 1L,4.99
DUTCH LADY UHT MILKY MARVEL FULL CREAM 125MLX4,4.99
HOMESOY MULTIGRAIN 1L,4.99
DUTCH LADY UHT MILKY FROZEN STRAWBERRY 125MLX4,4.99
LOTUSS FULL CREAM MILK UHT 1L,4.99
LOTUSS CHOCOLATE MILK UHT 1L,4.99
DUTCH LADY UHT MILKY FROZEN STRAWBERRY 125MLX4,4.99
DL UHT MILKY MARVEL CHOCOLATE 125MLX4,4.99
DL UHT MILKY MARVEL STRAWBERRY 125MLX4,4.99
LOTUSS FULL CREAM MILK UHT 1L,4.99
LOTUSS CHOCOLATE MILK UHT 1L,4.99
LOTUSS STRAWBERRY MILK UHT 1L,4.99
YEOS SOYA BEAN 250MLX6,5.15
YEOS C/THEMUM TEA 250MLX6,5.15
YEOS LYCHEE 250MLX6,5.15
LIPTON SERVICES TEABAGS 25S,5.24
F&N SWEETENED CONDENSED FILLED MILK 500G,5.25
MILO SOFTPACK 200G,5.29
BOH POTBAGS 40S,5.30
LOTUSS DRINKING WATER 1.5LX6,5.39
MONSTER ENERGY 355ML,5.49
MONSTER ULTRA 355ML,5.49
MONSTER PIPELINE PUNCH 355ML,5.49
LOTUSS MINERAL WATER 5.5L,5.49
POKKA ROASTED JAPANESE TEA HOUJICHA 1.5L,5.50
POKKA ICE PASSION FRUIT 1.5L,5.50
POKKA SENCHA 1.5L,5.50
POKKA LMN TEA 1.5L,5.50
POKKA CHRYSANTHEMUM WHITE TEA BTL 1.5L,5.50
LOTUSS DRINKING WATER 500ML X 12,5.59
AHMAD TEA LONDON BLEND 25S,5.60
YEOS FIRST HARVEST GREEN TEA 1.5L,5.60
V-SOY MULTIGRAIN NO SUGAR ADDED UHT 1L,5.65
NONA GINGER HONEY PWD BOX 150G,5.65
V-SOY LOW SUGAR UHT1L,5.65
V-SOY GOLDEN GRAIN SOYA BEAN MILK UHT 1L,5.65
V-SOY GOLDEN GRAIN SOYA BEAN MILK UHT 1L,5.65
V-SOY MULTI GRAIN S/BEAN UHT 1L,5.65
HERHSEY SOYFRESH CHOCOLATE 946ML,5.69
HERSHEY SOYFRESH MOCHA 946ML,5.69
HERSHEY SOYFRESH COOKIE N CREME 946ML,5.69
AUTHENTIC TEA HOUSE OOLONG TEA 1.5L,5.70
MARIGOLD UHT MANGO DRINK 250MLX6,5.75
M/GOLD UHT ORANGE 250MLX6,5.75
UNIF ALL YOU NEED 100% VEGETABLE AND FRUIT JUICE WITH CARROT 180MLX3,5.79
UNIF ALL YOU NEED 100% VEGETABLE AND FRUIT JUICE WITH GREEN VEGETABLE 180MLX3,5.79
UNIF ALL YOU NEED 100% VEGETABLE AND FRUIT JUICE WITH MIX BERRY 180MLX3,5.79
UNIF ALL YOU NEED 100% VEGETABLE AND FRUIT JUICE 180MLX3,5.79
UNIF ALL YOU NEED 100% VEGETABLE AND FRUIT JUICE WITH CARROT 180MLX3,5.79
UNIF ALL YOU NEED 100% VEGETABLE AND FRUIT JUICE LYCHEE 180MLX3,5.79
UNIF ALL YOU NEED 100% VEGETABLE AND FRUIT JUICE WITH PASSION FRUIT 180MLX3,5.79
POKKA ICE STRAWBERRY TEA 1.5L,5.80
NESTLE COFFEEMATE DOY 200G,5.85
YARRA FULL CREAM MILK UHT 1L,5.89
YARRA CHOCOLATE MILK UHT 1L,5.89
YARRA STRAWBERRY MILK UHT 1L,5.89
DUTCH LADY UHT STRAWBERRY MILK 1L,5.89
DUTCH LADY UHT CHOCOLATE MILK 1L,5.89
DUTCH LADY UHT LOW FAT MILK 1L,5.89
DUTCH LADY FULL CREAM UHT MILK 1L,5.89
V-SOY MULTI GRAIN SOYBEAN MILK 200MLX4,5.90
PRAN PINEAPPLE JUICE 1L,5.90
YEOS ICE TEA LEMON 250MLX6,5.90
GOODDAY FULL CREAM UHT MILK 1L,5.95
GOODDAY UHT MILK CHOCOLATE 1L,5.95
FUZE TEA MANGO CHAMOMILE 1.5L,5.99
AHMAD TEA GREEN TEA 25S,5.99
AHMAD TEA EARL GREY 25S,5.99
SUPER CLASS INS 45GX24 MY,5.99
SUNQUICK STANDARD ORANGE 300ML,5.99
SUNQUICK STANDARD MANGO 300ML,5.99
SUNQUICK STANDARD MANDARIN 300ML,5.99
SUNQUICK STANDARD BLACKCURRANT 300ML,5.99
SUNQUICK STANDARD TROPICAL 300ML,5.99
MILO READY TO DRINK 1L,5.99
DRINHO CORN SOYA MILK 250MLX6,6.09
F&N CONDENSED FULL CREAM MILK 392G,6.10
LIPTON POTBAGS P40,6.19
LIPTON POTBAGS EXTRA STRONG P40,6.19
FN SEASONS ICE LEMON TEA 250MLX6,6.20
F&N SEASONS SOYA BEAN 250MLX6,6.20
100PLUS ACTIVE REPLENISH 300MLX4,6.20
FN SEASONS CHRYSTHEMUM 250MLX6,6.20
AHMAD TEA CEYLON 25S,6.35
LOTUSS MINERAL WATER 1.5LX6,6.39
V-SOY ORIGINAL NO SUGAR ADDED SOYA BEAN MILK DRINK 200ML X 4,6.40
POKKA JASMINE GREEN TEA NO SUGAR 1.5L,6.40
POKKA JASMINE GREEN TEA 1.5L,6.40
POKKA OOLONG TEA 1.5L,6.40
D/LADY UHT COOKIES CREAM 180MLX4,6.45
D/LADY UHT VANILLA ICE CREAM 180MLX4,6.45
YEOS WINTER MELON TEA 250MLX6,6.45
YEOS SUGAR CANE 250MLX6,6.45
NESCAFE CLASSIC REFILL PACK 50G,6.45
LIPTON PACKET TEA 200G,6.49
HOMESOY SOYA MILK 250MLX6,6.49
HOMESOY BROWN SUGAR 250MLX6,6.49
HOMESOY HONEY MELON 6X250ML,6.49
HOMESOY NO SUGAR ADDED 250MLX6,6.49
FARM FRESH UHT SOY MILK ORI 1L,6.50
CACTUS MINERAL WATER 350MLX12,6.50
PEPSI BLACK CAN 4 X 320ML,6.59
GOODDAY UHT MILK STRAWBERRY 1L,6.60
GOODDAY UHT MILK LOW FAT 1L,6.60
KARTA COCONUT WATER ORIGINAL 1L,6.75
7UP 320MLX4,6.79
FARM FRESH UHT SOY MILK ORI 200MLX4,6.80
FARM FRESH UHT CHOC MILK WT SOY 200MLX4,6.80
YARRA FULL CREAM MILK UHT 200MLX4,6.80
YARRA CHOCOLATE MILK UHT 200MLX4,6.80
YARRA STRAWBERRY MILK UHT 200MLX4,6.80
YEOS FIRST HARVEST GREEN TEA 250MLX6,6.90
FARM FRESH UHT CHOCOLATE MILK 1L,6.90
POKKA CHRYSANTHEMUM WHITE TEA 6X250ML,6.90
MARIGOLD UHT APPLE DRINK 250MLX6,6.95
M/GOLD UHT GRAPE 250MLX6,6.95
SPRITE ZERO 320ML 4S,6.95
SPRITE LEMON PLUS ZERO SUGAR 320ML 4S,6.95
COCA COLA RASA ASLI 320MLX4,6.95
SPRITE CAN 320MLX4,6.95
COKE ZERO 320MLX4,6.95
LOTUS'S KOPI-O WITHOUT SUGAR 20SX10G,6.99
DESA DRINKING WATER 5.5L,6.99
PEPSI COLA 320MLX4,6.99
AIK CHEONG COFFEE BAG 10GX20,6.99
AIK CHEONG COFFEE BAG 18GX12,6.99
KLUANG CAP TV KOPIO KOSONG 20SX10GM,7.20
CACTUS MINERAL WATER 5.5L,7.20
MARIGOLD LOW FAT UHT MILK 1L,7.25
MARIGOLD CHOCOLATE UHT MILK 1L,7.25
MARIGOLD FULL CREAM UHT MILK 1L,7.25
ANLENE UHT LOW FAT 1L,7.25
MARIGOLD 100% PURPLE VEGGIE JUICE 1L,7.25
MARIGOLD TROPICAL FRT 100% JUICE 1L,7.25
MARIGOLD UHT 100% ORANGE JUICE 1L,7.25
MARIGOLD UHT 100% APP JUICE 1L,7.25
MARIGOLD UHT 100% CARROT MIX JUICE 1L,7.25
MARIGOLD UHT PEAR MIXBERRIES JUICE 1L,7.25
YEOS B.SUGAR SOY 250MLX6,7.29
ANLENE UHT LOW FAT 4X180ML,7.40
ANLENE UHT CHOC 4X180ML,7.40
POKKA NATSBEE HONEY LEMON 1.5L,7.50
NUTRIGOLD CHOCOLATE MALT DRINK 400G,7.59
LOTUSS KOPI-O WITH SUGAR 20SX15G,7.65
POKKA NATSBEE HONEY YUZU 1.5L,7.66
ALPINE MINERAL WATER 5.5L,7.80
NESCAFE CLASSIC JAR 50G,7.85
POKKA OOLONG TEA 250MLX6,7.85
POKKA JASMINE GREEN TEA 250MLX6,7.85
MOSHA CHOCOLATE MALT 3 IN 1 33GX10S,7.89
OVALTINE 340G ORIGINAL TASTE,7.90
SPRITZER NATURAL MINERAL WATER 6 LITER,7.90
SUPER CLASSIC INS 80GX24 MY,7.99
UNIF ALL YOU NEED 100% VEGETABLE AND FRUIT JUICE WITH CARROT 1L,7.99
UNIF ALL YOU NEED 100% VEGETABLE AND FRUIT JUICE WITH MIX BERRY 1L,7.99
UNIF ALL YOU NEED 100% VEGETABLE AND FRUIT JUICE WITH GREEN VEGETABLE 1L,7.99
UNIF ALL YOU NEED 100% VEGETABLE AND FRUIT JUICE WITH CARROT 1L,7.99
LOTUSS MALTED DRINK 400G,8.19
THREE LEGS COOLING WATER 200MLX6,8.19
EVIAN NOMAD MINERAL WATER 750ML,8.20
UNIF ALL YOU NEED 100% VEGETABLE AND FRUIT JUICE WITH CARROT 200MLX3,8.29
UNIF ALL YOU NEED 100% VEGETABLE AND FRUIT JUICE WITH MIX BERRY 200MLX3,8.29
UNIF ALL YOU NEED 100% VEGETABLE AND FRUIT JUICE WITH GREEN VEGETABLE 200MLX3,8.29
UNIF ALL YOU NEED 100% VEGETABLE AND FRUIT JUICE WITH BEETROOT 200MLX3,8.29
ATH AYATAKA GREEN TEA 300MLX4S,8.50
VALUE INSTANT COFFEE 200G,8.59
UFC VELVET COCONUT MILK UNSWEETENED 1L,8.59
UFC VELVET COCONUT MILK ORIGINAL 1L,8.59
UNIF COCO DEE COCONUT WATER 1L,8.59
RIBENA REGULAR 200MLX6,8.60
CACTUS MINERAL WATER 500MLX12,8.75
BOH TEA POTBAGS 80S,8.79
POWER ROOT ALICAFE CLASSIC 3IN1 20GX20S,8.85
HOMESOY INSTANT ORIGINAL 10SX32G,8.85
HOMESOY INSTANT MULTIGRAIN 10SX32G,8.85
AKIFCAFE MOCHA LATTE 3 IN 1 30GX10S,8.89
AKIFCAFE LATTE 3 IN 1 30GX10S,8.89
AKIFCAFE HAZELNUT LATTE 3 IN 1 30GX10S,8.89
AKIFCAFE CAPPUCINO 3 IN 1 30GX10S,8.89
HOMESOY MULTIGRAIN 250MLX6,8.89
CHA TRA MUE THAI COFFEE 400G,8.90
DUTCH LADY UHT MILK MARVEL CHOCOLATE 125MLX8,8.90
DUTCH LADY UHT MILKY FROZEN CHOCOLATE TRIPLE PACK 125MLX8,8.90
SCHWEPPES GINGER ALE 320MLX4,8.99
SIN SING COFFEE BAG 10GX20S,8.99
SCHWEPPES LIME LEMON 320MLX4,8.99
MILO FUZE 3IN1 8SX33G,8.99
SCHWEPPES SODA WATER 320MLX4,8.99
VICO 400G (POUCH),8.99
AIK CHEONG 3IN1 INST COFFEE RICH 18GX25S,8.99
AIK CHEONG 3IN1 INSTANT COFFEE BROWN SUGAR 18GX25S,8.99
POKKA NATSBEE HONEY LEMON 250MLX6,9.08
AHMAD TEA LEMON AND GINGER 20S,9.20
SCHWEPPES TONIC WATER 320MLX4,9.20
AIK CHEONG COFFEE BAG 2 IN 1 15G,9.20
NESTLE COFFEE MATE STICK PACK 50X5G,9.35
COFFEE MATE 450G FOC 50G,9.40
POKKA JASMINE GREEN TEA 300MLX6,9.40
AIK CHEONG INSTANT COFFEEMIX 3 IN 1 18GX25,9.45
FERNLEAF FAMILY MILK 300G,9.50
DUTCH LADY UHT CHOCOLATE MILK 200ML X 6S,9.60
D/LADY UHT MILK COFFEE 200MLX6,9.60
DUTCH LADY FULL CREAM UHT MILK 200MLX6,9.60
DUTCH LADY LOW FAT UHT MILK 200MLX6,9.60
DUTCH LADY UHT CHOCOLATE MILK 200ML X 6S,9.60
DUTCH LADY UHT BANANA FLAVOURED MILK 200MLX6,9.65
HANG TUAH KOPI 2 IN 1 20X25G (H),9.69
HANG TUAH KOPI 2 IN 1 20X25G (B),9.69
100 PLUS ISOTONIC DRINK 6X325ML,9.79
KLUANG CAP TV KOPIO 2IN1 20SX23GM,9.80
LOTUSS ORANGE CORDIAL 2L,9.85
LOTUSS GRAPE CORDIAL 2L,9.85
LOTUS'S SARSI CORDIAL 2L,9.85
LOTUSS LYCHEE CORDIAL 2L,9.85
LOTUSS PINK GUAVA CORDIAL 2L,9.85
HANG TUAH KOPI O 10GX20S,9.85
CACTUS MINERAL WATER 9.5L,9.85
MISTER COFFEE KOPI O SPECIAL 15GX15S,9.90
NESTLE OMEGA PLUS 150G,9.90
SPRITZER MINERAL WATER 9.5L,9.90
HERSHEY SOYFRESH CHOCOLATE 236MLX6,9.90
HERSHEY SOYFRESH MOCHA 236MLX6,9.90
HERSHEY SOYFRESH COOKIE N CREME 236MLX6,9.90
WONDA COFFEE ORIGINAL 4X240ML,9.90
WONDA COFFEE MOCHA 4X240ML,9.90
WONDA COFFEE LATTE 4X240ML,9.90
WONDA COFFEE KOPI TARIK 4X240ML,9.90
CC LEMON 320MLX4,9.90
WONDA COFFEE EXTRA PRESSO 4X240ML,9.90
FARM FRESH UHT CHOCOLATE MILK 200MLX4,9.95
FARM FRESH UHT YOG DRK M/BERRIES 200MLX4,9.95
SIN SING COFFEE PWD 500G (H),9.95
SMOOTHIES CO MANGGO PASSION 225G,9.99
SMOOTHIES CO SWEET DRAGON 225G,9.99
SMOOTHIES CO SKINNY GREEN 225G,9.99
DATE CROWN DATE SYRUP 400G,9.99
AHMAD TEA LONDON FRUIT & HERB 20 FOIL WRAPPED TEA BAGS 20 X 2G,9.99
MILO (SOFTPACK) 400G,9.99
NUTRIGOLD RICH 3 IN 1 INSTANT PREMIX COFFEE 25 STICKS X 20G,9.99
NUTRIGOLD 3 IN 1 COFFEE REGULAR 20GX30S,9.99
LOTUS'S RICH 3 IN 1 COFFEE 25 STICKS X 20G,9.99
LOTUSS 3IN1 PREMIX COFFEE REGULAR 25SX20G,9.99
LOTUSS MILD 3 IN 1 COFFEE 25 X 18G,9.99
GOODDAY UHT MILK LOW FAT 200MLX6,10.10
GOODDAY UHT MILK STRAWBERRY 200MLX6,10.10
GOODDAY CHOCOLATE UHT MILK 200MLX6,10.10
GOODDAY CHOCOLATE UHT MILK 200MLX6,10.10
GOODDAY UHT CHARGE (5+1) X 200ML,10.25
LIPTON YELLOW LABEL BLACK TEA 50 X 2G,10.25
MILO ACT-GO UHT 200MLX6,10.35
NESTLÃ© MILO ACTIV-GO (5+1) X 200ML,10.35
BONCAFE FILTER BAGS 1X4,10.39
NESCAFE LATTE MILK TEA 15SX25G,10.39
LIPTON POTBAGS P80,10.45
LIPTON POTBAGS EXTRA STRONG X 80 POTBAGS,10.45
P/SALUTE WHITE GRAPE DRINK 750ML,10.49
P/SALUTE RED GRAPE DRINK 750ML,10.49
LOR ESSENSO MG COLOMBIAN BLEND 20SX2G,10.50
EVIAN MINERAL WATER 1.5L,10.60
KARTA COCONUT WATER ORIGINAL 6X250ML,10.65
COKE MINI 180MLX6,10.80
NUTRIFRES BLACKCURRANT 1000GM,10.89
NUTRIFRES STRAWBERRY 1000GM,10.89
NUTRIFRES SOURSOP 1000GM,10.89
NUTRIFRES ORANGE 1000GM,10.89
NUTRIFRES KIWI FRUIT 1000GM,10.89
NUTRIFRES WHEATGRASS 1000GM,10.89
NUTRIFRES SOUR PLUM 1000GM,10.89
NUTRIFRES LEMON 1000GM,10.89
NUTRIFRES TAMARIND 1000GM,10.89
NUTRIFRES SOUR PLUM CALAMANSI 1000GM,10.89
NUTRIFRES MANGO 1000GM,10.89
LOTUSS TEH TARIK REGULAR 15SX35G,10.99
VALUE TEA DUST 900G,10.99
BOH 2IN1 TEA 20X11.5G,10.99
SIN SING COFFEE O BAG 2 IN 1 17GX20S,10.99
WONDA 3 IN 1 KOPI TARIK 15 STICK PACKS X 25G,10.99
BOH TEA LEAVE 500G,10.99
LOTUSS TEH TARIK KURANG MANIS 15SX30G,10.99
UFC VELVET CHOCOLATE COCONUT MILK 1L,10.99
LOTUSS 3IN1 CHAM 12Sx38G,10.99
SUN UP MANGO CONCENTRATE 850ML,10.99
SUN UP ORANGE CONCENTRATE 850ML,10.99
SUN UP BLACKCURRANT BASE CONCENTRATE 850ML,10.99
SUN UP PINK GUAVA CONCENT 850ML,10.99
LOTUSS WHITE COFFEE HAZELNUT 15SX35G,10.99
LOTUSS WHITE COFFEE ORIGINAL 15SX35G,10.99
AHMAD TEA ENG BREAKFAST TAGLESS 40S,11.15
COOL RHINO 350MLX4,11.39
UFC VELVET OAT MILK BARISTA 1L,11.49
UFC VELVET ALMOND MILK ORIGINAL 1L,11.49
UFC VELVET OAT MILK BARISTA 1L,11.49
UFC VELVET ALMOND MILK ORIGINAL 1L,11.49
AHMAD TEA F/FLAV LMN+LIME 20S,11.50
AHMAD TEA F/FLAV MANGO 20S,11.50
AHMAD TEA FLAVOURED PEACH&PASSION FRUIT 20S,11.50
AHMAD TEA FLAVOURED STRAWBERRY 20S,11.50
KOPIKO MACCHIATO 3 IN 1 24SX20G,11.50
KAPAL API (HALUS) 500G,11.50
FRENCHE ROAST IDG SLT CRM LATTE 20SX23G,11.50
FRENCHE ROAST IDG TIRAMISU LATTE 18SX23G,11.50
FRENCHÉ ROAST FREEZE DRIED MICROGROUND PREMIX COFFEE SIGNATURE BLEND 28X19G,11.50
LOTUSS CHOCOMALT 3IN1 ORI. 18Sx30G,11.69
LIPTON YELLOW LABEL TEA LEAVES 400G,11.75
HORLICKS 3IN1 ORIGINAL 10SX28G,11.80
SPRITZER MINERAL WATER 6X1.25L,11.85
AHMAD TEA CAMOMILE AND LEMONGRASS 20S,11.89
NESTLE GOODNES DAIRY FREE ALMOND & OAT 1L,11.90
NESTLE GOODNES DAIRY FREE OAT 1L,11.90
FERNLEAF FULL CREAM 300G,11.90
VIDA C ORANGE 325MLX4,11.90
VIDA C PINK GUAVA 325MLX4,11.90
VIDA C LEMON 325MLX4,11.90
VICO 3 IN 1 ORIGINAL DELICIOUS CHOCOLATE MALT DRINK 18 X 32G,11.95
HORLICKS MALT POUCH 360G,11.95
SO GOOD OAT CHOCOLATE 1L,11.99
SO GOOD ALMOND CHOCOLATE 1L,11.99
SUPER RICH 3IN1 INSTANT COFFEE 18GX25S,11.99
UFC VELVET CHOCOLATE OAT MILK 1L,11.99
SUPER ORIG 3IN1REG INS 25X18G,11.99
NESCAFE LATTE HAZELNUT 20SX24G,11.99
STR SO GOOD ALMOND MILK (VANILLA) 1L,11.99
NESCAFE LATTE CARAMEL 25GX20S,11.99
SANITARIUM SO GOOD ALMOND MILK (UNSWEETENED) 1L,11.99
SANITARIUM SO GOOD ALMOND MILK (ORIGINAL) 1L,11.99
NESCAFE LATTE MOCHA 15SX31G,11.99
SANITARIUM SO GOOD UNSWEETENED OAT MILK 1L,11.99
NESCAFE CLASSIC REFILL PACK 100G,12.29
KOPIKO KAW 3 IN ONE 35SX20G,12.39
AIK CHEONG W/C ORIGINAL 38GX12S,12.40
AIK CHEONG W/C KOSONG 30GX12S,12.40
AIK CHEONG W/C LESS SWEET 38GX12S,12.40
AIK CHEONG TEH TARIK KLASIK 38GX12S,12.40
F&N ROSE CORDIAL SYRUP 2L,12.45
F&N GRAPE CORDIAL 2L,12.45
F&N CORDIAL RUT B 2L,12.45
F&N SARSAPARILLA CORDIAL 2L,12.45
F&N ROSE CORDIAL SYRUP 2L,12.45
NUTRIGOLD 2IN1 WHITE COFFEE 30GX15S,12.49
MILO ACTIV-GO NUTRIPLUZ UHT 6x200ML,12.49
AIK CHEONG TEH TARIK COMBO 4IN1 15X40G,12.49
AIK CHEONG TEH TARIK HALIA 38GX12S,12.49
AIK CHEONG TEH TARIK KOSONG 25GX12S,12.49
EVERYDAY FILLED MILK POWDER 250G,12.50
FN TEH TARIK PET 270MLX4,12.59
FN TEH TARIK L/SWEET PET 270M,12.59
COOL RHINO O2 350MLX4,12.79
NUTRIGOLD 3IN1 WC CLASSIC 40GX15S,12.85
CHA TRA MUE THAI MILK TEA 400G,12.90
CHA TRA MUE THAI GREEN MILK TEA 200G,12.90
JALEN KORDIAL ANGGUR 2L,12.90
JALEN KORDIAL ROS 2L,12.90
JALEN KORDIAL SARSI 2L,12.90
JALEN KORDIAL BARLI 2L,12.90
RIBENA LESS SWEET 1L,12.90
SUN UP GOLD MANGO CARROT 850ML,12.90
SUN UP GOLD CASABLANCA 850ML,12.90
SUN UP GOLD MIX BERRY 850ML,12.90
LIPTON SERVICES TEABAGS 100S,12.95
DILMAH PURE CAMOMILE 20X1.5G,12.99
DILMAH PURE PEPPERMINT 20X1.5G,12.99
NESTLE OMEGA PLUS DARK CHOCO 200MLX6,12.99
NESCAFE GOLD BLEND 50G,12.99
NUTRIGOLD 3 IN 1 HOT CHOCOLATE DRINK 15 STICKS X 30G,12.99
KAPAL API 3IN1 GULA MELAKA 18SX27G,12.99
NESCAFE ORIGINAL CAN (5+1) X 240ML,12.99
NESTLE OMEGA PLUS UHT 200MLX6,12.99
NESCAFE TARIK CAN 6X240ML,12.99
NESCAFE ORIGINAL COFFEE CAN 240ML X 6S,12.99
NESCAFE LATTE CAN (6X240ML),12.99
MILO ACTIGEN-E CAN (6X240ML),12.99
NESCAFE MOCHA CAN (6X240ML),12.99
FARM FRESH UHT ALMOND MILK 1L,13.00
FARM FRESH UHT ALMOND UNSWEET 1L,13.00
FARM FRESH UHT OAT MILK 1L,13.00
AH HUAT HERBAL TEA 310MLX6,13.20
OVALTINE ORIGINAL TASTE 820G,13.30
SUNQUICK CONCENTRATE BLACKCURRANT 700ML,13.40
SUNQUICK CONCENTRATE ROSE LYCHEE 700ML,13.40
SUNQUICK CONCENTRATE TROPICAL 700ML,13.40
SUNQUICK CONCENTRATE ORANGE 700ML,13.40
BOH DOUBLE CHAMBER TEABAGS 100S,13.50
RIBENA STRAWBERRY 1L,13.65
RIBENA CONCENTRATE REGULAR 1L,13.65
KOPIKO INSTANT BROWN COFFEE 22SX25G,13.69
STARBUCKS CAPPUCCINO 4SX14G,13.69
STARBUCKS CARAMEL LATTE 4SX21.5G,13.69
STARBUCKS CAFFE MOCHA 4SX22G,13.69
STARBUCKS LATTE 4SX14G,13.69
KOPIKO LOW ACID COFFEEMIX 24SX21G,13.69
PER L CAFE K/FATIMAH COFFE 20SX20G,13.90
NESCAFE GOLD AMERICANO 15X11G,13.95
BOH 3 IN 1 INSTANT TEA MIX 30S,13.95
WONDA 3 IN 1 PREMIUM COFFEE ORIGINAL 15 STICK PACKS X 23G,13.99
LOTUSS CHOCOMALT 1KG,13.99
MILO ACTIV GO CEREAL 10X36G,13.99
MILO ACTIV GO CEREAL 10X36G,13.99
OATSIDE OAT MILK BARISTA EDITION 1L,13.99
OATSIDE OAT MILK CHOCOLATE 1L,13.99
HORLICKS 3IN1 CEREAL DRINKS 10SX32G,13.99
MILO ACTIV GO ORIGINAL 18SX30G,13.99
MILO FUZE 3IN1 18X33G,13.99
MILO FUZE 3IN1 18X33G FOC 3S,13.99
FARM FRESH UHT OAT MILK 200MLX4,14.00
FARM FRESH UHT ALMOND MILK 200MLX4,14.00
FARM FRESH UHT ALMOND UNSWEET 200MLX4,14.00
BOH GREEN TEA LATTE 27GX12S,14.30
BOH TEH TARIK KURANG MANIS HALIA 12SX26G,14.30
BOH 3IN1 TEH TARIK KURANG MANIS 12SX27G,14.30
NESCAFE CLASSIC JAR 100G,14.35
RED BULL BTL 150MLX6,14.49
NESCAFE GOLD CREAMY LATTE 12X31G,14.49
HALAGEL PREMIX COFFEE ROCK SALT 25GX15S,14.49
NESCAFE GOLD DARK LATTE 12X34G,14.49
SUNQUICK JUMBO MANGO 700ML,14.50
SUNQUICK JUMBO MANDARIN 700ML,14.50
SUNQUICK JUMBO LEMON 700ML,14.50
KLUANG CAP TV KOPIO KOSONG 50SX10GM,14.50
KLUANG WHITE COFFEE 3IN1 15SX40GM,14.50
DILMAH EXCPT ROSE W FRCH VANILLA 20SX2G,14.50
DILMAH EXCPT FRAGANT JASMINE GT 20SX2G,14.50
DILMAH EXCPT BERRY SENSATION 20SX2G,14.55
DILMAH EXCPT ELEGANT EARL GREY 20SX2G,14.55
DILMAH EXCPT GENTLE MINTY GT 20SX2G,14.55
SPRITZER MINERAL WATER 24X250ML,14.60
AHMAD TEA FRUIT TEA SELECTION 20S,14.75
DILMAH CEYLON GT LEMONGRASS 20SX2G,14.85
DILMAH PURE CEYLON GREEN TEA WITH GINGER 20 TEA BAGS 40G,14.85
DILMAH CEYLON GT CHAMOMILE 20SX2G,14.85
CAP MASJID SERBUK TEH CAMPURAN 900G,14.90
FERNLEAF FAMILY MILK 550G,14.90
SUPER CLASSIC INS 180GX12 MY,14.99
SUPER CLASSIC WHITE COFFEE 35GX15S,14.99
SUPER HAZELNUT WHITE COFFEE 33GX15S,14.99
SUPER CHARCOAL ROASTED HERITAGE WHITE COFFEE COFFEE & CREAMER 2 IN 1 15X25G,14.99
SUPER WHITE COFFEE BROWN SUGAR 36GX15S,14.99
TEH MASJID A-RED 900G,15.15
AIK CHEONG W/C HAZELNUT 38GX12S,15.29
OLDTOWN WC 3IN1 HAZELNUT 15sX38G,15.29
OLDTOWN WC 3IN1 LESS SUGAR 15sX35G,15.29
OLDTOWN WC 3IN1 SALTED CARAMEL 15sX35G,15.29
OLDTOWN SMOOTH ROAST 3IN1 15sX25G,15.29
PETANI ICE LEMON TEA 30GX20PCS,15.29
OLDTOWN WC 3IN1 EXT RICH 15sX35G,15.29
OLDTOWN WHITE COFFEE 3IN1 CLASSIC 15X38G,15.29
MOSHA CHOCOLATE MALT 1KG,15.35
SPRITZER MINERAL WATER 550MLX12,15.50
OVALTINE MALTED MILK DRINK POWDER JAR 400G,15.65
AH HUAT LOW FAT NO SUGAR WHITE COFFEE 15 X 20G,15.65
AH HUAT CLASSIC WHITE COFFEE 15SX28G,15.65
AH HUAT EXTRA RICH WHITE COFFEE 15SX36G,15.65
AH HUAT WHITE COFFEE KOPITIAM CHARCOAL ROAST 15SX28G,15.65
HANG TUAH KOPI 3 IN 1 20GX20S,15.70
WETRA IPOH WHITE COFFEE 30GX15S,15.99
MISTER COFFEE BAGBREW ARABICA 10GX15S,15.99
PW.ROOT EXTRA HONEY TONGKAT ALI 250MLX6,15.99
NESCAFE 3IN1 MILD 25X18G,15.99
NESCAFE 3IN1 RICH 25X18G,15.99
NESCAFE 3IN1 ORI 25X18G,15.99
NUTRIGOLD CHOCOLATE MALT DRINK 1KG,15.99
RED BULL PLUS 250MLX6,15.99
RED BULL GOLD 250MLX6,15.99
RED BULL LESS SUGAR 250MLX6,15.99
L'OR ESSENSO COFFEE 3IN1 25GX20S,16.30
LOR ESSENSO COFFEE 2IN1 16GX20S,16.30
AH HUAT HAINAN TEA 15SX32G,16.50
SERBAT TEA 25GX20PCS,16.59
KACIMA CAFE 25GX20S,16.65
NESCAFE GOLD FLAT WHITE 15X24G,16.75
AH HUAT WHITE COFFEE GOLD MEDAL FD 38G X 15S,16.99
MILO ACTIV-GO CHOCOLATE MALT DRINK (SOFTPACK) 1KG,17.49
ALICAFE TA KARAMEL 36GX15S,17.50
ALICAFE TA LEBIH PEKAT 36GX15S,17.50
ALICAFE TA GINSENG 20X30G,17.50
LOTUSS MALTED DRINK 1KG,17.79
VICO 900G (POUCH),17.99
BLUE DIAMOND ALMOND UNSWT ORI MILK 946ML,17.99
BLUE DIAMOND ALMOND ORIGINAL MILK 946ML,17.99
BLUE DIAMOND ALMOND MATCHA MILK 946ML,17.99
BLUE DIAMOND ALMOND VANILLA MILK 946ML,17.99
BLUE DIAMOND ALMOND CHOCOLATE MILK 946ML,17.99
BLUE DIAMOND ALMOND LATTE MILK 946ML,17.99
EURY CAFE 25GX20S,17.99
OSK JAPANESE GREEN TEA 2GX50S,17.99
OSK ROASTED GREEN TEA 2GX50S,17.99
OSK JAPANESE TEA WITH ROASTED RICE TEA BAGS 2G X50S,17.99
OSK ROASTED GREEN TEA 2GX50S,17.99
MISTER COFFEE DRIPBREW ARABICA 10GX15S,18.00
NESCAFE DECAF 100G JAR,18.09
AHMAD TEA ENG B/FAST (TAGLESS)100TB,18.25
APACHE WHITE COFFEE 40GX15S,18.45
APACHE IPOH PRE BLACK WHITE COFF 40GX15S,18.45
LOTUSS CORDIAL ROSE 5L,18.55
LOTUS'S CORDIAL SARSAPILLA 5L,18.55
LOTUSS CORDIAL ORANGE 5L,18.55
LIPTON MT MATCHA 12SX20G,18.69
LIPTON MT TEH TARIK HALIA 20GX12S,18.69
LIPTON MT SIGN CLASSIC 20GX12S,18.69
LIPTON MT TEH TARIK 20GX12S,18.69
AHMAD TEA JASMINE GREEN TEA 100S,18.90
ANLENE ACTIFIT 3X 600G,18.90
ANLENE ACTIFIT CHOCOLATE 3X 600G,18.90
FERNLEAF FULL CREAM 550G,18.95
LE CAFE ROAST MST PAPUA NEW GUINEA 100G,18.99
PER'L K/FATIMAH KOLAGEN KURMA 250MLX6,18.99
BLUE DIAMOND BARISTA ALM UNSWT MILK 946ML,18.99
LE CAFE ROAST MASTER BRAZIL 100G,18.99
LE CAFE ROAST MASTER COLUMBIA 100G,18.99
LOTUSS SENCHA TEA BAG 50SX2G,18.99
LOTUSS GENMAICHA TEA BAG 50SX2G,18.99
LOTUSS HOJICHA TEA BAG 50SX1.5G,18.99
HANG TUAH COFFEE PWD MIX 1KG,19.19
IFOLIA KOPI JANTAN 25GX15S,19.89
HYH HERBAL DRINK(SOURPLUM)240MLX6,19.95
HYH HERBAL DRINK (ORI)240MLX6,19.95
DUTCH LADY CHOCOLATE DRINK 900G,19.95
SUNKIST PISTACHIO UNSWEETENED MILK 946ML,19.99
SUNKIST PISTACHIO ORIGINAL MILK 946ML,19.99
SUNKIST PISTACHIO CHOCOLATE MILK 946ML,19.99
VALUE CHOCOLATE MALT 2KG,19.99
AHMAD TEA EARL GREY 100S,19.99
ALICAFE TONGKAT ALI GINSENG ORI 250MLX6,20.50
NESTLE EVERYDAY MILK POWDER 500G,20.60
LOR ESSENSO BRAZILIAN ELEGANCE 20SX25G,20.82
LOR ESSENSO COLOMBIAN MYSTIQUE 20SX16G,20.82
BUNDABERG PASSION FRUIT 375MLX4,20.85
BUNDABERG ROOT BEER 375MLX4,20.85
BUNDABERG TRADITIONAL LEMONADE 375MLX4,20.90
BUNDABERG GINGER BEER 375MLX4,20.90
TWININGS JASMINE GREEN TEA 25X1.8G,21.99
TWININGS ENGLISH BREAKFAST 25X2G,21.99
TWININGS EARL GREY 25X2G,21.99
TWININGS JASMINE GREEN TEA 25X1.8G,21.99
TWININGS PURE GREEN TEA 25X2G,21.99
NESCAFE CLASSIC DARK ROAST 200G,21.99
NESCAFE CLASSIC REFILL PACK 200G,21.99
NESCAFE CLASSIC REFILL PACK 200G FOC 20G,21.99
HORLICKS ORIGINAL (REFILL PACK) 900G,21.99
TWININGS GREEN COLLECTION 20SX1.7G,22.00
MONSTER ENERGY 355ML 4S,22.00
MILO FUZE 3IN1 30SX33G,22.90
NESCAFE CLASSIC REFILL PACK 300G,22.99
FERNLEAF FAMILY MILK 900G,23.20
DKE PURE GOAT MILK POWDER 18GX15S,23.52
OSK PUER JAPAN ROAST TEA 50SX2G,23.90
ANLENE GOLD 5X 600G,23.90
RIBENA BLACKCURRANT CORDIAL 2L,23.90
NESCAFE GOLD DECAF 100G,23.99
NESCAFE GOLD BLEND 100G,23.99
HARADA JAPANESE TEA BAGS 2GX50S,24.99
HARADA BROWN RICE N GREEN TEA 2GX50S,24.99
ANRAMIN GOAT MILK WITH DATES 16S X 25G,24.99
ANRAMIN GOAT MILK WITH COFFEE 16S X 25G,24.99
LOTUSS CHOCOMALT 2KG,24.99
AIK CHEONG KOPI O ECONOMY PACK 10GX100S,25.90
BONCAFE ALL DAY COFFEE POWDER 200G,26.35
BONCAFE EXPRESSO COFFEE POWDER 200G,26.35
TWININGS LEMON GINGER 25SX1.5G,26.50
NESCAFE CLASSIC JAR 200G,26.59
NESCAFE GOLD ORIGINS ALTA RICA 100G,26.75
NESCAFE GOLD ORIGINS CAP COLOMBIA 100G,26.75
SIN SING COFFEE O 100SX10G,26.90
TWININGS PURE CAMOMILE 25X1G,26.99
TWININGS PURE PEPPERMINT 25X2G,26.99
MILO HI FIBRE 900G,26.99
EVERYDAY FILLED MILK POWDER 800G,27.30
BONCAFE COLOMBIAN INSTANT COFFEE 100G,27.49
ANRAMIN SUSU KAMBING ASLI 16S X 23G,27.99
FERNLEAF FULL CREAM 900G,28.75
STARBUCKS NESPRESSO BREAKFAST BLEND 56G,29.45
STARBUCKS NESPRESSO SUMATRA LUNGO 55G...,29.45
STARBUCKS NESPRESSO ESPRESSO ROAST 57G,29.45
STARBUCKS NESPRESSO HOUSE BLEND 57G,29.45
NESCAFE GOLD REFILL PACK 170G,29.70
ANGLOMAC SKIM MILK POWDER 1KG,29.99
NESTLE OMEGA PLUS 600G,30.40
DAVIDOFF CAFE-RICH AROMA 100G,30.99
DAVIDOFF CAFE-FINE AROMA 100G,30.99
DAVIDOFF CAFE-ESPRESSO 100G,30.99
FERNLEAF PROTEIN PLUS 800G,31.00
ANLENE ACTIFIT 3X 1KG,31.50
BONCAFE COLUMBIAN DECAFFEINATED FREEZE 100G,32.89
DOLCE GUSTO CAFE AU LAIT 160G,33.10
NESCAFE DOLCE GUSTO AMERICANO 128G,34.75
NESCAFE DOLCE GUSTO CAPPUCINO 200G,34.75
NESCAFE DOLCE GUSTO LATTE MACHIATO 194G,34.75
NESCAFE DOLCE GUSTO ESPRESSO INTENSO 96G,34.75
NESCAFE DLC GST GRANDE INTENSO 16CAPx132.8G,34.75
NESCAFE DOLCE GUSTO FLAT WHITE 144G,34.75
STARBUCKS CARAMEL MAC 12CAPS 128G,35.90
STARBUCKS ESPRESSO ROAST 12CAPS 66G,35.90
STARBUCKS HS BLEND AMECN 12CAPS 102G,35.90
STARBUCKS CAPPUCCINO 12CAPS 120G,35.90
VICO 2KG (POUCH),36.50
STARBUCKS MEDIUM ROAST TIN 90G,37.69
STARBUCKS DARK ROAST TIN 90G,37.69
ANLENE GOLD 5X 1KG,37.90
BONCAFE BRAZILIAN INSTANT COFFEE 200G,38.09
MILO (SOFTPACK) 2KG,38.50
MILO 1.4KG,39.99
NESCAFE GOLD JAR 200G,40.99
FERNLEAF FAMILY MILK POWDER 1.8KG,41.99
MOCCONA CLASSIC DARK ROASTED 200G,43.66
MOCCONA CLASSIC MEDIUM ROASTED 200G,43.66
MOCCONA ESPRESSO STYLE 200G,43.66
NESTLE OMEGA PLUS 1KG,45.50
NESTLE ENERCAL COMPLETE CAN 400G,45.90
HORLICKS POUCH 1.65KG,46.79
COKE LESS CALORIES RASA ASLI 320MLX24,46.90
NESTLE OMEGA PLUS DARK CHOCOLATE 900G,51.90
FERNLEAF FULL CREAM 1.8KG,52.50
ANLENE TOTAL 10 800G,54.90
ENSURE GOLD VANILLA YBG 400G,59.90
ENSURE GOLD WHEAT YEAST BETA GLUCAN 400G,59.90
ENSURE GOLD PLANT-BASED 400G,59.90
DUTCH LADY FULL CREAM UHT MILK 1LX12,69.48
PEDIASURE 10+ VAN 600G BIB,75.99
PEDIASURE 10+ CHOC 600G BIB,75.99
NESTLE ENERCAL COMPLETE CAN 850G,89.90
ENSURE GOLD COFFEE YBG 800G,103.90
ENSURE GOLD VANILLA YBG 800G,103.90
ENSURE GOLD WHEAT YBG 800G,103.90
ENSURE GOLD ALMOND FLAVOURED PLANT-BASED 850G,103.90
ABBOTT PEDIASURE 10+ CHILDREN’S MILK FORMULA (VANILLA) 850G | FOR AGE 10~15 YEARS OLD,106.59
PEDIASURE 10+ CHOCOLATE 850G,106.59
GLUCERNA CHOCOLATE 800G,135.99
ABBOTT GLUCERNA VANILLA 850G,135.99
